/*
SQLyog Enterprise - MySQL GUI v8.05 
MySQL - 5.6.26 : Database - anggaran
*********************************************************************
*/

/*!40101 SET NAMES utf8 */;

/*!40101 SET SQL_MODE=''*/;

/*!40014 SET @OLD_FOREIGN_KEY_CHECKS=@@FOREIGN_KEY_CHECKS, FOREIGN_KEY_CHECKS=0 */;
/*!40101 SET @OLD_SQL_MODE=@@SQL_MODE, SQL_MODE='NO_AUTO_VALUE_ON_ZERO' */;

CREATE DATABASE /*!32312 IF NOT EXISTS*/`anggaran` /*!40100 DEFAULT CHARACTER SET latin1 */;

USE `anggaran`;

/*Table structure for table `account` */

DROP TABLE IF EXISTS `account`;

CREATE TABLE `account` (
  `id` int(11) NOT NULL AUTO_INCREMENT,
  `code` varchar(256) NOT NULL,
  `name` varchar(256) NOT NULL,
  `created_at` datetime DEFAULT NULL,
  `created_by` int(11) DEFAULT NULL,
  `updated_at` datetime DEFAULT NULL,
  `updated_by` int(11) DEFAULT NULL,
  PRIMARY KEY (`id`),
  UNIQUE KEY `id` (`id`),
  KEY `FK_account_create` (`created_by`),
  KEY `FK_account_update` (`updated_by`)
) ENGINE=InnoDB AUTO_INCREMENT=46 DEFAULT CHARSET=latin1;

/*Data for the table `account` */

insert  into `account`(`id`,`code`,`name`,`created_at`,`created_by`,`updated_at`,`updated_by`) values (1,'511111','Belanja Gaji Pokok PNS','2015-10-01 11:38:39',1,'2015-10-01 11:38:39',1),(2,'511119','Belanja Pembulatan Gaji PNS','2015-10-01 11:38:39',1,'2015-10-01 11:38:39',1),(3,'511121','Belanja Tunj. Suami/Istri PNS','2015-10-01 11:38:39',1,'2015-10-01 11:38:39',1),(4,'511122','Belanja Tunj. Anak PNS','2015-10-01 11:38:39',1,'2015-10-01 11:38:39',1),(5,'511123','Belanja Tunj. Struktural PNS','2015-10-01 11:38:39',1,'2015-10-01 11:38:39',1),(6,'511124','Belanja Tunj. Fungsional PNS','2015-10-01 11:38:39',1,'2015-10-01 11:38:39',1),(7,'511125','Belanja Tunj. PPh PNS','2015-10-01 11:38:39',1,'2015-10-01 11:38:39',1),(8,'511126','Belanja Tunj. Beras PNS','2015-10-01 11:38:39',1,'2015-10-01 11:38:39',1),(9,'511129','Belanja Uang Makan PNS','2015-10-01 11:38:39',1,'2015-10-01 11:38:39',1),(10,'511138','Belanja Tunjangan Khusus Papua PNS','2015-10-01 11:38:39',1,'2015-10-01 11:38:39',1),(11,'511151','Belanja Tunjangan Umum PNS','2015-10-01 11:38:39',1,'2015-10-01 11:38:39',1),(12,'512111','Belanja Uang Honor Tetap','2015-10-01 11:38:39',1,'2015-10-01 11:38:39',1),(13,'512211','Belanja uang lembur','2015-10-01 11:38:39',1,'2015-10-01 11:38:39',1),(14,'521111','Belanja Keperluan Perkantoran','2015-10-01 11:38:39',1,'2015-10-01 11:38:39',1),(15,'521114','Belanja pengiriman surat dinas pos pusat','2015-10-01 11:38:39',1,'2015-10-01 11:38:39',1),(16,'521115','Honor Operasional Satuan Kerja','2015-10-01 11:38:40',1,'2015-10-01 11:38:40',1),(17,'521119','Belanja Barang Operasional Lainnya','2015-10-01 11:38:40',1,'2015-10-01 11:38:40',1),(18,'521211','Belanja Bahan','2015-10-01 11:38:40',1,'2015-10-01 11:38:40',1),(19,'521213','Honor Output Kegiatan','2015-10-01 11:38:40',1,'2015-10-01 11:38:40',1),(20,'521219','Belanja Barang Non Operasional Lainnya','2015-10-01 11:38:40',1,'2015-10-01 11:38:40',1),(21,'522111','Belanja Langganan Listrik','2015-10-01 11:38:40',1,'2015-10-01 11:38:40',1),(22,'522112','Belanja Langganan Telepon','2015-10-01 11:38:40',1,'2015-10-01 11:38:40',1),(23,'522113','Belanja Langganan Air','2015-10-01 11:38:40',1,'2015-10-01 11:38:40',1),(24,'522119','Belanja Langganan Daya dan Jasa Lainnya','2015-10-01 11:38:40',1,'2015-10-01 11:38:40',1),(25,'522131','Belanja Jasa Konsultan','2015-10-01 11:38:40',1,'2015-10-01 11:38:40',1),(26,'522141','Belanja Sewa','2015-10-01 11:38:40',1,'2015-10-01 11:38:40',1),(27,'522151','Belanja Jasa Profesi','2015-10-01 11:38:40',1,'2015-10-01 11:38:40',1),(28,'522191','Belanja Jasa Lainnya','2015-10-01 11:38:40',1,'2015-10-01 11:38:40',1),(29,'523111','Belanja Biaya Pemeliharaan Gedung dan Bangunan','2015-10-01 11:38:40',1,'2015-10-01 11:38:40',1),(30,'523119','Belanja Biaya Pemeliharaan Gedung dan Bangunan Lainnya','2015-10-01 11:38:40',1,'2015-10-01 11:38:40',1),(31,'523121','Belanja Biaya Pemeliharaan Peralatan dan Mesin','2015-10-01 11:38:40',1,'2015-10-01 11:38:40',1),(32,'524111','Belanja perjalanan biasa','2015-10-01 11:38:40',1,'2015-10-01 11:38:40',1),(33,'524112','Belanja perjalanan tetap','2015-10-01 11:38:40',1,'2015-10-01 11:38:40',1),(34,'524113','Belanja Perjalanan Dinas Dalam Kota','2015-10-01 11:38:40',1,'2015-10-01 11:38:40',1),(35,'524114','Belanja Perjalanan Dinas Paket Meeting Dalam Kota','2015-10-01 11:38:40',1,'2015-10-01 11:38:40',1),(36,'524119','Belanja Perjalanan Dinas Paket Meeting Luar Kota','2015-10-01 11:38:40',1,'2015-10-01 11:38:40',1),(37,'524219','Belanja perjalanan lainnya - luar negeri','2015-10-01 11:38:40',1,'2015-10-01 11:38:40',1),(38,'532111','Belanja Modal Peralatan dan Mesin','2015-10-01 11:38:40',1,'2015-10-01 11:38:40',1),(39,'532115','Belanja Modal Perencanaan dan Pengawasan Peralatan dan Mesin','2015-10-01 11:38:40',1,'2015-10-01 11:38:40',1),(40,'532118','Belanja Modal Perjalanan Peralatan dan Mesin','2015-10-01 11:38:41',1,'2015-10-01 11:38:41',1),(41,'533111','Belanja Modal Gedung dan Bangunan','2015-10-01 11:38:41',1,'2015-10-01 11:38:41',1),(42,'533113','Belanja Modal Upah Tenaga Kerja dan Honor Pengelola Teknis Gedung dan Bangunan','2015-10-01 11:38:41',1,'2015-10-01 11:38:41',1),(43,'533115','Belanja Modal Perencanaan dan Pengawasan Gedung dan Bangunan','2015-10-01 11:38:41',1,'2015-10-01 11:38:41',1),(44,'533121','Belanja Penambahan Nilai Gedung dan Bangunan','2015-10-01 11:38:41',1,'2015-10-01 11:38:41',1),(45,'536111','Belanja Modal Lainnya','2015-10-01 11:38:41',1,'2015-10-01 11:38:41',1);

/*Table structure for table `activity` */

DROP TABLE IF EXISTS `activity`;

CREATE TABLE `activity` (
  `id` int(11) NOT NULL AUTO_INCREMENT,
  `satker_code` varchar(256) NOT NULL,
  `code` varchar(256) NOT NULL,
  `name` varchar(256) NOT NULL,
  `created_at` datetime DEFAULT NULL,
  `created_by` int(11) DEFAULT NULL,
  `updated_at` datetime DEFAULT NULL,
  `updated_by` int(11) DEFAULT NULL,
  PRIMARY KEY (`id`),
  UNIQUE KEY `id` (`id`),
  KEY `FK_activity_created` (`created_by`),
  KEY `FK_activity_update` (`updated_by`)
) ENGINE=InnoDB AUTO_INCREMENT=7 DEFAULT CHARSET=latin1;

/*Data for the table `activity` */

insert  into `activity`(`id`,`satker_code`,`code`,`name`,`created_at`,`created_by`,`updated_at`,`updated_by`) values (1,'622280','622280.2439','Pembinaan Kompetensi dan Pelatihan Konstruksi','2015-10-01 11:01:48',1,'2015-10-01 11:01:48',1),(2,'622280','622280.1001','Pengelolaan Administrasi MPR dan Sekretariat Jenderal','2015-10-01 11:01:48',1,'2015-10-01 11:01:48',1),(3,'622280','622280.1002','Penyelenggaraan Kehumasan','2015-10-01 11:01:48',1,'2015-10-01 11:01:48',1),(4,'622280','622280.1003','Pengelolaan Administrasi Keuangan Sekretariat Jenderal','2015-10-01 11:01:48',1,'2015-10-01 11:01:48',1),(5,'622280','622280.1004','Dukungan Teknis dan Administrasi Persidangan MPR dan Alat Kelengkapannya','2015-10-01 11:01:48',1,'2015-10-01 11:01:48',1),(6,'622280','622280.1005','Pelaksanaan Tugas Kesekretariatan Pimpinan','2015-10-01 11:01:48',1,'2015-10-01 11:01:48',1);

/*Table structure for table `budget` */

DROP TABLE IF EXISTS `budget`;

CREATE TABLE `budget` (
  `id` int(11) NOT NULL AUTO_INCREMENT,
  `code` varchar(256) DEFAULT NULL,
  `dipa_id` int(11) NOT NULL,
  `budget_year` year(4) DEFAULT NULL,
  `satker_code` varchar(256) DEFAULT NULL,
  `activity_code` varchar(256) DEFAULT NULL,
  `output_code` varchar(256) DEFAULT NULL,
  `suboutput_code` varchar(256) DEFAULT NULL,
  `component_code` varchar(256) DEFAULT NULL,
  `subcomponent_code` varchar(256) DEFAULT NULL,
  `account_code` varchar(256) DEFAULT NULL,
  `total_budget_limit` double DEFAULT NULL,
  `created_at` datetime DEFAULT NULL,
  `created_by` int(11) DEFAULT NULL,
  `updated_at` datetime DEFAULT NULL,
  `updated_by` int(11) DEFAULT NULL,
  PRIMARY KEY (`id`),
  KEY `FK_budget` (`budget_year`),
  KEY `FK_budget_create` (`created_by`),
  KEY `FK_budget_update` (`updated_by`)
) ENGINE=InnoDB AUTO_INCREMENT=37 DEFAULT CHARSET=latin1;

/*Data for the table `budget` */

insert  into `budget`(`id`,`code`,`dipa_id`,`budget_year`,`satker_code`,`activity_code`,`output_code`,`suboutput_code`,`component_code`,`subcomponent_code`,`account_code`,`total_budget_limit`,`created_at`,`created_by`,`updated_at`,`updated_by`) values (1,'622280.2439.011.003.011.A.521211',1,2014,'622280','622280.2439','622280.2439.011','622280.2439.011.003','622280.2439.011.003.011','622280.2439.011.003.011.A','521211',10000000,'2015-09-29 14:06:27',1,'2015-09-29 14:06:27',1),(2,'622280.2439.011.003.011.A.521213',1,2014,'622280','622280.2439','622280.2439.011','622280.2439.011.003','622280.2439.011.003.011','622280.2439.011.003.011.A','521213',30000000,'2015-09-29 14:06:28',1,'2015-09-29 14:06:28',1),(3,'622280.2439.011.003.011.A.522131',1,2014,'622280','622280.2439','622280.2439.011','622280.2439.011.003','622280.2439.011.003.011','622280.2439.011.003.011.A','522131',1822447000,'2015-09-29 14:06:28',1,'2015-09-29 14:06:28',1),(4,'622280.2439.011.003.011.A.522141',1,2014,'622280','622280.2439','622280.2439.011','622280.2439.011.003','622280.2439.011.003.011','622280.2439.011.003.011.A','522141',22800000,'2015-09-29 14:06:28',1,'2015-09-29 14:06:28',1),(5,'622280.2439.011.003.011.A.522151',1,2014,'622280','622280.2439','622280.2439.011','622280.2439.011.003','622280.2439.011.003.011','622280.2439.011.003.011.A','522151',288000000,'2015-09-29 14:06:28',1,'2015-09-29 14:06:28',1),(6,'622280.2439.011.003.011.A.524114',1,2014,'622280','622280.2439','622280.2439.011','622280.2439.011.003','622280.2439.011.003.011','622280.2439.011.003.011.A','524114',174000000,'2015-09-29 14:06:28',1,'2015-09-29 14:06:28',1),(7,'622280.2439.011.003.011.B.521211',1,2014,'622280','622280.2439','622280.2439.011','622280.2439.011.003','622280.2439.011.003.011','622280.2439.011.003.011.B','521211',146690000,'2015-09-29 14:06:28',1,'2015-09-29 14:06:28',1),(8,'622280.2439.011.003.011.B.521213',1,2014,'622280','622280.2439','622280.2439.011','622280.2439.011.003','622280.2439.011.003.011','622280.2439.011.003.011.B','521213',31500000,'2015-09-29 14:06:28',1,'2015-09-29 14:06:28',1),(9,'622280.2439.011.003.011.B.522141',1,2014,'622280','622280.2439','622280.2439.011','622280.2439.011.003','622280.2439.011.003.011','622280.2439.011.003.011.B','522141',22500000,'2015-09-29 14:06:28',1,'2015-09-29 14:06:28',1),(10,'622280.2439.011.003.011.B.522151',1,2014,'622280','622280.2439','622280.2439.011','622280.2439.011.003','622280.2439.011.003.011','622280.2439.011.003.011.B','522151',984000000,'2015-09-29 14:06:28',1,'2015-09-29 14:06:28',1),(11,'622280.2439.011.003.011.B.524114',1,2014,'622280','622280.2439','622280.2439.011','622280.2439.011.003','622280.2439.011.003.011','622280.2439.011.003.011.B','524114',397050000,'2015-09-29 14:06:28',1,'2015-09-29 14:06:28',1),(12,'622280.2439.011.003.011.C.521211',1,2014,'622280','622280.2439','622280.2439.011','622280.2439.011.003','622280.2439.011.003.011','622280.2439.011.003.011.C','521211',146690000,'2015-09-29 14:06:28',1,'2015-09-29 14:06:28',1),(13,'622280.2439.011.003.011.C.521213',1,2014,'622280','622280.2439','622280.2439.011','622280.2439.011.003','622280.2439.011.003.011','622280.2439.011.003.011.C','521213',31500000,'2015-09-29 14:06:28',1,'2015-09-29 14:06:28',1),(14,'622280.2439.011.003.011.C.522141',1,2014,'622280','622280.2439','622280.2439.011','622280.2439.011.003','622280.2439.011.003.011','622280.2439.011.003.011.C','522141',22500000,'2015-09-29 14:06:28',1,'2015-09-29 14:06:28',1),(15,'622280.2439.011.003.011.C.522151',1,2014,'622280','622280.2439','622280.2439.011','622280.2439.011.003','622280.2439.011.003.011','622280.2439.011.003.011.C','522151',984000000,'2015-09-29 14:06:28',1,'2015-09-29 14:06:28',1),(16,'622280.2439.011.003.011.C.524114',1,2014,'622280','622280.2439','622280.2439.011','622280.2439.011.003','622280.2439.011.003.011','622280.2439.011.003.011.C','524114',397050000,'2015-09-29 14:06:28',1,'2015-09-29 14:06:28',1),(17,'622280.2439.011.003.011.D.521211',1,2014,'622280','622280.2439','622280.2439.011','622280.2439.011.003','622280.2439.011.003.011','622280.2439.011.003.011.D','521211',146690000,'2015-09-29 14:06:28',1,'2015-09-29 14:06:28',1),(18,'622280.2439.011.003.011.D.521213',1,2014,'622280','622280.2439','622280.2439.011','622280.2439.011.003','622280.2439.011.003.011','622280.2439.011.003.011.D','521213',31500000,'2015-09-29 14:06:28',1,'2015-09-29 14:06:28',1),(19,'622280.2439.011.003.011.D.522141',1,2014,'622280','622280.2439','622280.2439.011','622280.2439.011.003','622280.2439.011.003.011','622280.2439.011.003.011.D','522141',22500000,'2015-09-29 14:06:29',1,'2015-09-29 14:06:29',1),(20,'622280.2439.011.003.011.D.522151',1,2014,'622280','622280.2439','622280.2439.011','622280.2439.011.003','622280.2439.011.003.011','622280.2439.011.003.011.D','522151',984000000,'2015-09-29 14:06:29',1,'2015-09-29 14:06:29',1),(21,'622280.2439.011.003.011.D.524114',1,2014,'622280','622280.2439','622280.2439.011','622280.2439.011.003','622280.2439.011.003.011','622280.2439.011.003.011.D','524114',397050000,'2015-09-29 14:06:29',1,'2015-09-29 14:06:29',1),(22,'622280.2439.011.003.011.E.521211',1,2014,'622280','622280.2439','622280.2439.011','622280.2439.011.003','622280.2439.011.003.011','622280.2439.011.003.011.E','521211',146690000,'2015-09-29 14:06:29',1,'2015-09-29 14:06:29',1),(23,'622280.2439.011.003.011.E.521213',1,2014,'622280','622280.2439','622280.2439.011','622280.2439.011.003','622280.2439.011.003.011','622280.2439.011.003.011.E','521213',31500000,'2015-09-29 14:06:29',1,'2015-09-29 14:06:29',1),(24,'622280.2439.011.003.011.E.522141',1,2014,'622280','622280.2439','622280.2439.011','622280.2439.011.003','622280.2439.011.003.011','622280.2439.011.003.011.E','522141',22500000,'2015-09-29 14:06:29',1,'2015-09-29 14:06:29',1),(25,'622280.2439.011.003.011.E.522151',1,2014,'622280','622280.2439','622280.2439.011','622280.2439.011.003','622280.2439.011.003.011','622280.2439.011.003.011.E','522151',984000000,'2015-09-29 14:06:29',1,'2015-09-29 14:06:29',1),(26,'622280.2439.011.003.011.E.524114',1,2014,'622280','622280.2439','622280.2439.011','622280.2439.011.003','622280.2439.011.003.011','622280.2439.011.003.011.E','524114',397050000,'2015-09-29 14:06:29',1,'2015-09-29 14:06:29',1),(27,'622280.2439.011.003.011.F.521211',1,2014,'622280','622280.2439','622280.2439.011','622280.2439.011.003','622280.2439.011.003.011','622280.2439.011.003.011.F','521211',146690000,'2015-09-29 14:06:29',1,'2015-09-29 14:06:29',1),(28,'622280.2439.011.003.011.F.521213',1,2014,'622280','622280.2439','622280.2439.011','622280.2439.011.003','622280.2439.011.003.011','622280.2439.011.003.011.F','521213',31500000,'2015-09-29 14:06:29',1,'2015-09-29 14:06:29',1),(29,'622280.2439.011.003.011.F.522141',1,2014,'622280','622280.2439','622280.2439.011','622280.2439.011.003','622280.2439.011.003.011','622280.2439.011.003.011.F','522141',22500000,'2015-09-29 14:06:29',1,'2015-09-29 14:06:29',1),(30,'622280.2439.011.003.011.F.522151',1,2014,'622280','622280.2439','622280.2439.011','622280.2439.011.003','622280.2439.011.003.011','622280.2439.011.003.011.F','522151',984000000,'2015-09-29 14:06:29',1,'2015-09-29 14:06:29',1),(31,'622280.2439.011.003.011.F.524114',1,2014,'622280','622280.2439','622280.2439.011','622280.2439.011.003','622280.2439.011.003.011','622280.2439.011.003.011.F','524114',397050000,'2015-09-29 14:06:29',1,'2015-09-29 14:06:29',1),(32,'622280.2439.011.003.011.G.521211',1,2014,'622280','622280.2439','622280.2439.011','622280.2439.011.003','622280.2439.011.003.011','622280.2439.011.003.011.G','521211',146690000,'2015-09-29 14:06:29',1,'2015-09-29 14:06:29',1),(33,'622280.2439.011.003.011.G.521213',1,2014,'622280','622280.2439','622280.2439.011','622280.2439.011.003','622280.2439.011.003.011','622280.2439.011.003.011.G','521213',31500000,'2015-09-29 14:06:29',1,'2015-09-29 14:06:29',1),(34,'622280.2439.011.003.011.G.522141',1,2014,'622280','622280.2439','622280.2439.011','622280.2439.011.003','622280.2439.011.003.011','622280.2439.011.003.011.G','522141',22500000,'2015-09-29 14:06:29',1,'2015-09-29 14:06:29',1),(35,'622280.2439.011.003.011.G.522151',1,2014,'622280','622280.2439','622280.2439.011','622280.2439.011.003','622280.2439.011.003.011','622280.2439.011.003.011.G','522151',984000000,'2015-09-29 14:06:29',1,'2015-09-29 14:06:29',1),(36,'622280.2439.011.003.011.G.524114',1,2014,'622280','622280.2439','622280.2439.011','622280.2439.011.003','622280.2439.011.003.011','622280.2439.011.003.011.G','524114',397050000,'2015-09-29 14:06:29',1,'2015-09-29 14:06:29',1);

/*Table structure for table `budget_temp` */

DROP TABLE IF EXISTS `budget_temp`;

CREATE TABLE `budget_temp` (
  `id` int(11) NOT NULL AUTO_INCREMENT,
  `code` varchar(256) DEFAULT NULL,
  `dipa_id` int(11) NOT NULL COMMENT 'DIPA',
  `budget_year` year(4) DEFAULT NULL,
  `satker_code` varchar(256) DEFAULT NULL,
  `activity_code` varchar(256) DEFAULT NULL,
  `output_code` varchar(256) DEFAULT NULL,
  `suboutput_code` varchar(256) DEFAULT NULL,
  `component_code` varchar(256) DEFAULT NULL,
  `subcomponent_code` varchar(256) DEFAULT NULL,
  `account_code` varchar(256) DEFAULT NULL,
  `total_budget_limit` double DEFAULT NULL,
  `created_at` datetime DEFAULT NULL,
  `created_by` int(11) DEFAULT NULL,
  `updated_at` datetime DEFAULT NULL,
  `updated_by` int(11) DEFAULT NULL,
  PRIMARY KEY (`id`),
  KEY `FK_budget` (`budget_year`),
  KEY `FK_budget_create` (`created_by`),
  KEY `FK_budget_update` (`updated_by`)
) ENGINE=InnoDB DEFAULT CHARSET=latin1;

/*Data for the table `budget_temp` */

/*Table structure for table `city` */

DROP TABLE IF EXISTS `city`;

CREATE TABLE `city` (
  `id` int(11) NOT NULL AUTO_INCREMENT,
  `province_code` varchar(256) NOT NULL,
  `code` varchar(256) NOT NULL,
  `name` varchar(256) NOT NULL,
  `created_at` datetime DEFAULT NULL,
  `created_by` int(11) DEFAULT NULL,
  `updated_at` datetime DEFAULT NULL,
  `updated_by` int(11) DEFAULT NULL,
  PRIMARY KEY (`id`),
  KEY `FK_city_create` (`created_by`),
  KEY `FK_city_update` (`updated_by`),
  KEY `FK_city_prov_code` (`province_code`)
) ENGINE=InnoDB AUTO_INCREMENT=555 DEFAULT CHARSET=latin1;

/*Data for the table `city` */

insert  into `city`(`id`,`province_code`,`code`,`name`,`created_at`,`created_by`,`updated_at`,`updated_by`) values (1,'01','01.51','Kota Jakarta Pusat','2015-10-01 11:43:58',1,'2015-10-01 11:43:58',1),(2,'01','01.52','Kota Jakarta Utara','2015-10-01 11:43:58',1,'2015-10-01 11:43:58',1),(3,'01','01.53','Kota Jakarta Barat','2015-10-01 11:43:58',1,'2015-10-01 11:43:58',1),(4,'01','01.54','Kota Jakarta Selatan','2015-10-01 11:43:58',1,'2015-10-01 11:43:58',1),(5,'01','01.55','Kota Jakarta Timur','2015-10-01 11:43:59',1,'2015-10-01 11:43:59',1),(6,'01','01.56','Kota Kepulauan Seribu','2015-10-01 11:43:59',1,'2015-10-01 11:43:59',1),(7,'02','02.05','Kab. Bogor','2015-10-01 11:43:59',1,'2015-10-01 11:43:59',1),(8,'02','02.06','Kab. Sukabumi','2015-10-01 11:43:59',1,'2015-10-01 11:43:59',1),(9,'02','02.07','Kab. Cianjur','2015-10-01 11:43:59',1,'2015-10-01 11:43:59',1),(10,'02','02.08','Kab. Bekasi','2015-10-01 11:43:59',1,'2015-10-01 11:43:59',1),(11,'02','02.09','Kab. Karawang','2015-10-01 11:43:59',1,'2015-10-01 11:43:59',1),(12,'02','02.10','Kab. Purwakarta','2015-10-01 11:43:59',1,'2015-10-01 11:43:59',1),(13,'02','02.11','Kab. Subang','2015-10-01 11:43:59',1,'2015-10-01 11:43:59',1),(14,'02','02.12','Kab. Bandung','2015-10-01 11:43:59',1,'2015-10-01 11:43:59',1),(15,'02','02.13','Kab. Sumedang','2015-10-01 11:43:59',1,'2015-10-01 11:43:59',1),(16,'02','02.14','Kab. Garut','2015-10-01 11:43:59',1,'2015-10-01 11:43:59',1),(17,'02','02.15','Kab. Tasikmalaya','2015-10-01 11:43:59',1,'2015-10-01 11:43:59',1),(18,'02','02.16','Kab. Ciamis','2015-10-01 11:43:59',1,'2015-10-01 11:43:59',1),(19,'02','02.17','Kab. Cirebon','2015-10-01 11:43:59',1,'2015-10-01 11:43:59',1),(20,'02','02.18','Kab. Kuningan','2015-10-01 11:43:59',1,'2015-10-01 11:43:59',1),(21,'02','02.19','Kab. Indramayu','2015-10-01 11:43:59',1,'2015-10-01 11:43:59',1),(22,'02','02.20','Kab. Majalengka','2015-10-01 11:43:59',1,'2015-10-01 11:43:59',1),(23,'02','02.21','Kab. Bandung Barat','2015-10-01 11:43:59',1,'2015-10-01 11:43:59',1),(24,'02','02.22','Kab. Pangandaran','2015-10-01 11:43:59',1,'2015-10-01 11:43:59',1),(25,'02','02.51','Kota Bandung','2015-10-01 11:43:59',1,'2015-10-01 11:43:59',1),(26,'02','02.52','Kota Bogor','2015-10-01 11:44:00',1,'2015-10-01 11:44:00',1),(27,'02','02.53','Kota Sukabumi','2015-10-01 11:44:00',1,'2015-10-01 11:44:00',1),(28,'02','02.54','Kota Cirebon','2015-10-01 11:44:00',1,'2015-10-01 11:44:00',1),(29,'02','02.57','Kota Bekasi','2015-10-01 11:44:00',1,'2015-10-01 11:44:00',1),(30,'02','02.58','Kota Depok','2015-10-01 11:44:00',1,'2015-10-01 11:44:00',1),(31,'02','02.60','Kota Tasikmalaya','2015-10-01 11:44:00',1,'2015-10-01 11:44:00',1),(32,'02','02.61','Kota Cimahi','2015-10-01 11:44:00',1,'2015-10-01 11:44:00',1),(33,'02','02.62','Kota Banjar','2015-10-01 11:44:00',1,'2015-10-01 11:44:00',1),(34,'03','03.01','Kab. Semarang','2015-10-01 11:44:00',1,'2015-10-01 11:44:00',1),(35,'03','03.02','Kab. Kendal','2015-10-01 11:44:00',1,'2015-10-01 11:44:00',1),(36,'03','03.03','Kab. Demak','2015-10-01 11:44:00',1,'2015-10-01 11:44:00',1),(37,'03','03.04','Kab. Grobogan','2015-10-01 11:44:00',1,'2015-10-01 11:44:00',1),(38,'03','03.05','Kab. Pekalongan','2015-10-01 11:44:00',1,'2015-10-01 11:44:00',1),(39,'03','03.06','Kab. Batang','2015-10-01 11:44:00',1,'2015-10-01 11:44:00',1),(40,'03','03.07','Kab. Tegal','2015-10-01 11:44:00',1,'2015-10-01 11:44:00',1),(41,'03','03.08','Kab. Brebes','2015-10-01 11:44:00',1,'2015-10-01 11:44:00',1),(42,'03','03.09','Kab. Pati','2015-10-01 11:44:00',1,'2015-10-01 11:44:00',1),(43,'03','03.10','Kab. Kudus','2015-10-01 11:44:00',1,'2015-10-01 11:44:00',1),(44,'03','03.11','Kab. Pemalang','2015-10-01 11:44:00',1,'2015-10-01 11:44:00',1),(45,'03','03.12','Kab. Jepara','2015-10-01 11:44:00',1,'2015-10-01 11:44:00',1),(46,'03','03.13','Kab. Rembang','2015-10-01 11:44:00',1,'2015-10-01 11:44:00',1),(47,'03','03.14','Kab. Blora','2015-10-01 11:44:01',1,'2015-10-01 11:44:01',1),(48,'03','03.15','Kab. Banyumas','2015-10-01 11:44:01',1,'2015-10-01 11:44:01',1),(49,'03','03.16','Kab. Cilacap','2015-10-01 11:44:01',1,'2015-10-01 11:44:01',1),(50,'03','03.17','Kab. Purbalingga','2015-10-01 11:44:01',1,'2015-10-01 11:44:01',1),(51,'03','03.18','Kab. Banjarnegara','2015-10-01 11:44:01',1,'2015-10-01 11:44:01',1),(52,'03','03.19','Kab. Magelang','2015-10-01 11:44:01',1,'2015-10-01 11:44:01',1),(53,'03','03.20','Kab. Temanggung','2015-10-01 11:44:01',1,'2015-10-01 11:44:01',1),(54,'03','03.21','Kab. Wonosobo','2015-10-01 11:44:01',1,'2015-10-01 11:44:01',1),(55,'03','03.22','Kab. Purworejo','2015-10-01 11:44:01',1,'2015-10-01 11:44:01',1),(56,'03','03.23','Kab. Kebumen','2015-10-01 11:44:01',1,'2015-10-01 11:44:01',1),(57,'03','03.24','Kab. Klaten','2015-10-01 11:44:01',1,'2015-10-01 11:44:01',1),(58,'03','03.25','Kab. Boyolali','2015-10-01 11:44:01',1,'2015-10-01 11:44:01',1),(59,'03','03.26','Kab. Sragen','2015-10-01 11:44:01',1,'2015-10-01 11:44:01',1),(60,'03','03.27','Kab. Sukoharjo','2015-10-01 11:44:01',1,'2015-10-01 11:44:01',1),(61,'03','03.28','Kab. Karanganyar','2015-10-01 11:44:01',1,'2015-10-01 11:44:01',1),(62,'03','03.29','Kab. Wonogiri','2015-10-01 11:44:01',1,'2015-10-01 11:44:01',1),(63,'03','03.30','Kab. Cepu','2015-10-01 11:44:01',1,'2015-10-01 11:44:01',1),(64,'03','03.51','Kota Semarang','2015-10-01 11:44:01',1,'2015-10-01 11:44:01',1),(65,'03','03.52','Kota Salatiga','2015-10-01 11:44:01',1,'2015-10-01 11:44:01',1),(66,'03','03.53','Kota Pekalongan','2015-10-01 11:44:01',1,'2015-10-01 11:44:01',1),(67,'03','03.54','Kota Tegal','2015-10-01 11:44:01',1,'2015-10-01 11:44:01',1),(68,'03','03.55','Kota Magelang','2015-10-01 11:44:02',1,'2015-10-01 11:44:02',1),(69,'03','03.56','Kota Surakarta','2015-10-01 11:44:02',1,'2015-10-01 11:44:02',1),(70,'04','04.01','Kab. Bantul','2015-10-01 11:44:02',1,'2015-10-01 11:44:02',1),(71,'04','04.02','Kab. Sleman','2015-10-01 11:44:02',1,'2015-10-01 11:44:02',1),(72,'04','04.03','Kab. Gunung Kidul','2015-10-01 11:44:02',1,'2015-10-01 11:44:02',1),(73,'04','04.04','Kab. Kulon Progo','2015-10-01 11:44:02',1,'2015-10-01 11:44:02',1),(74,'04','04.51','Kota Yogyakarta','2015-10-01 11:44:02',1,'2015-10-01 11:44:02',1),(75,'05','05.01','Kab. Gresik','2015-10-01 11:44:02',1,'2015-10-01 11:44:02',1),(76,'05','05.02','Kab. Mojokerto','2015-10-01 11:44:02',1,'2015-10-01 11:44:02',1),(77,'05','05.03','Kab. Sidoarjo','2015-10-01 11:44:02',1,'2015-10-01 11:44:02',1),(78,'05','05.04','Kab. Jombang','2015-10-01 11:44:02',1,'2015-10-01 11:44:02',1),(79,'05','05.05','Kab. Sampang','2015-10-01 11:44:02',1,'2015-10-01 11:44:02',1),(80,'05','05.06','Kab. Pamekasan','2015-10-01 11:44:02',1,'2015-10-01 11:44:02',1),(81,'05','05.07','Kab. Sumenep','2015-10-01 11:44:02',1,'2015-10-01 11:44:02',1),(82,'05','05.08','Kab. Bangkalan','2015-10-01 11:44:02',1,'2015-10-01 11:44:02',1),(83,'05','05.09','Kab. Bondowoso','2015-10-01 11:44:02',1,'2015-10-01 11:44:02',1),(84,'05','05.10','Kab. Situbondo','2015-10-01 11:44:02',1,'2015-10-01 11:44:02',1),(85,'05','05.11','Kab. Banyuwangi','2015-10-01 11:44:02',1,'2015-10-01 11:44:02',1),(86,'05','05.12','Kab. Jember','2015-10-01 11:44:02',1,'2015-10-01 11:44:02',1),(87,'05','05.13','Kab. Malang','2015-10-01 11:44:02',1,'2015-10-01 11:44:02',1),(88,'05','05.14','Kab. Pasuruan','2015-10-01 11:44:02',1,'2015-10-01 11:44:02',1),(89,'05','05.15','Kab. Probolinggo','2015-10-01 11:44:02',1,'2015-10-01 11:44:02',1),(90,'05','05.16','Kab. Lumajang','2015-10-01 11:44:02',1,'2015-10-01 11:44:02',1),(91,'05','05.17','Kab. Kediri','2015-10-01 11:44:02',1,'2015-10-01 11:44:02',1),(92,'05','05.18','Kab. Tulungagung','2015-10-01 11:44:02',1,'2015-10-01 11:44:02',1),(93,'05','05.19','Kab. Nganjuk','2015-10-01 11:44:02',1,'2015-10-01 11:44:02',1),(94,'05','05.20','Kab. Trenggalek','2015-10-01 11:44:02',1,'2015-10-01 11:44:02',1),(95,'05','05.21','Kab. Blitar','2015-10-01 11:44:03',1,'2015-10-01 11:44:03',1),(96,'05','05.22','Kab. Madiun','2015-10-01 11:44:03',1,'2015-10-01 11:44:03',1),(97,'05','05.23','Kab. Ngawi','2015-10-01 11:44:03',1,'2015-10-01 11:44:03',1),(98,'05','05.24','Kab. Magetan','2015-10-01 11:44:03',1,'2015-10-01 11:44:03',1),(99,'05','05.25','Kab. Ponorogo','2015-10-01 11:44:03',1,'2015-10-01 11:44:03',1),(100,'05','05.26','Kab. Pacitan','2015-10-01 11:44:03',1,'2015-10-01 11:44:03',1),(101,'05','05.27','Kab. Bojonegoro','2015-10-01 11:44:03',1,'2015-10-01 11:44:03',1),(102,'05','05.28','Kab. Tuban','2015-10-01 11:44:03',1,'2015-10-01 11:44:03',1),(103,'05','05.29','Kab. Lamongan','2015-10-01 11:44:03',1,'2015-10-01 11:44:03',1),(104,'05','05.51','Kota Surabaya','2015-10-01 11:44:03',1,'2015-10-01 11:44:03',1),(105,'05','05.52','Kota Mojokerto','2015-10-01 11:44:03',1,'2015-10-01 11:44:03',1),(106,'05','05.53','Kota Malang','2015-10-01 11:44:03',1,'2015-10-01 11:44:03',1),(107,'05','05.54','Kota Pasuruan','2015-10-01 11:44:03',1,'2015-10-01 11:44:03',1),(108,'05','05.55','Kota Probolinggo','2015-10-01 11:44:03',1,'2015-10-01 11:44:03',1),(109,'05','05.56','Kota Blitar','2015-10-01 11:44:03',1,'2015-10-01 11:44:03',1),(110,'05','05.57','Kota Kediri','2015-10-01 11:44:03',1,'2015-10-01 11:44:03',1),(111,'05','05.58','Kota Madiun','2015-10-01 11:44:03',1,'2015-10-01 11:44:03',1),(112,'05','05.59','Kota Batu','2015-10-01 11:44:03',1,'2015-10-01 11:44:03',1),(113,'06','06.01','Kab. Aceh Besar','2015-10-01 11:44:03',1,'2015-10-01 11:44:03',1),(114,'06','06.02','Kab. Pidie','2015-10-01 11:44:03',1,'2015-10-01 11:44:03',1),(115,'06','06.03','Kab. Aceh Utara','2015-10-01 11:44:03',1,'2015-10-01 11:44:03',1),(116,'06','06.04','Kab. Aceh Timur','2015-10-01 11:44:03',1,'2015-10-01 11:44:03',1),(117,'06','06.05','Kab. Aceh Selatan','2015-10-01 11:44:03',1,'2015-10-01 11:44:03',1),(118,'06','06.06','Kab. Aceh Barat','2015-10-01 11:44:03',1,'2015-10-01 11:44:03',1),(119,'06','06.07','Kab. Aceh Tengah','2015-10-01 11:44:04',1,'2015-10-01 11:44:04',1),(120,'06','06.08','Kab. Aceh Tenggara','2015-10-01 11:44:04',1,'2015-10-01 11:44:04',1),(121,'06','06.09','Kab. Simeulue','2015-10-01 11:44:04',1,'2015-10-01 11:44:04',1),(122,'06','06.10','Kab. Aceh Singkil','2015-10-01 11:44:04',1,'2015-10-01 11:44:04',1),(123,'06','06.11','Kab. Bireuen','2015-10-01 11:44:04',1,'2015-10-01 11:44:04',1),(124,'06','06.12','Kab. Aceh Barat Daya','2015-10-01 11:44:04',1,'2015-10-01 11:44:04',1),(125,'06','06.13','Kab. Gayo Lues','2015-10-01 11:44:04',1,'2015-10-01 11:44:04',1),(126,'06','06.14','Kab. Aceh Jaya','2015-10-01 11:44:04',1,'2015-10-01 11:44:04',1),(127,'06','06.15','Kab. Nagan Raya','2015-10-01 11:44:04',1,'2015-10-01 11:44:04',1),(128,'06','06.16','Kab. Aceh Tamiang','2015-10-01 11:44:04',1,'2015-10-01 11:44:04',1),(129,'06','06.17','Kab. Bener Meriah','2015-10-01 11:44:04',1,'2015-10-01 11:44:04',1),(130,'06','06.18','Kab. Pidie Jaya','2015-10-01 11:44:04',1,'2015-10-01 11:44:04',1),(131,'06','06.51','Kota Banda Aceh','2015-10-01 11:44:04',1,'2015-10-01 11:44:04',1),(132,'06','06.52','Kota Sabang','2015-10-01 11:44:04',1,'2015-10-01 11:44:04',1),(133,'06','06.53','Kota Langsa','2015-10-01 11:44:04',1,'2015-10-01 11:44:04',1),(134,'06','06.54','Kota Lhokseumawe','2015-10-01 11:44:04',1,'2015-10-01 11:44:04',1),(135,'06','06.55','Kota Meulaboh','2015-10-01 11:44:04',1,'2015-10-01 11:44:04',1),(136,'06','06.56','Kota Subulussalam','2015-10-01 11:44:04',1,'2015-10-01 11:44:04',1),(137,'07','07.01','Kab. Deli Serdang','2015-10-01 11:44:04',1,'2015-10-01 11:44:04',1),(138,'07','07.02','Kab. Karo','2015-10-01 11:44:04',1,'2015-10-01 11:44:04',1),(139,'07','07.03','Kab. Langkat','2015-10-01 11:44:05',1,'2015-10-01 11:44:05',1),(140,'07','07.04','Kab. Tapanuli Tengah','2015-10-01 11:44:05',1,'2015-10-01 11:44:05',1),(141,'07','07.05','Kab. Simalungun','2015-10-01 11:44:05',1,'2015-10-01 11:44:05',1),(142,'07','07.06','Kab. Labuhan Batu','2015-10-01 11:44:05',1,'2015-10-01 11:44:05',1),(143,'07','07.07','Kab. Dairi','2015-10-01 11:44:05',1,'2015-10-01 11:44:05',1),(144,'07','07.08','Kab. Tapanuli Utara','2015-10-01 11:44:05',1,'2015-10-01 11:44:05',1),(145,'07','07.09','Kab. Tapanuli Selatan','2015-10-01 11:44:05',1,'2015-10-01 11:44:05',1),(146,'07','07.10','Kab. Asahan','2015-10-01 11:44:05',1,'2015-10-01 11:44:05',1),(147,'07','07.11','Kab. Nias','2015-10-01 11:44:05',1,'2015-10-01 11:44:05',1),(148,'07','07.12','Kab. Samosir','2015-10-01 11:44:05',1,'2015-10-01 11:44:05',1),(149,'07','07.13','Kab. Mandailing Natal','2015-10-01 11:44:05',1,'2015-10-01 11:44:05',1),(150,'07','07.14','Kab. Nias Selatan','2015-10-01 11:44:05',1,'2015-10-01 11:44:05',1),(151,'07','07.15','Kab. Pakpak Bharat','2015-10-01 11:44:05',1,'2015-10-01 11:44:05',1),(152,'07','07.16','Kab. Humbang Hasundutan','2015-10-01 11:44:05',1,'2015-10-01 11:44:05',1),(153,'07','07.17','Kab. Toba Samosir','2015-10-01 11:44:05',1,'2015-10-01 11:44:05',1),(154,'07','07.18','Kab. Tarutung','2015-10-01 11:44:05',1,'2015-10-01 11:44:05',1),(155,'07','07.20','Kab. Serdang Bedagai','2015-10-01 11:44:06',1,'2015-10-01 11:44:06',1),(156,'07','07.21','Kab. Batu Bara','2015-10-01 11:44:06',1,'2015-10-01 11:44:06',1),(157,'07','07.22','Kab. Padang Lawas','2015-10-01 11:44:06',1,'2015-10-01 11:44:06',1),(158,'07','07.23','Kab. Padang Lawas Utara','2015-10-01 11:44:06',1,'2015-10-01 11:44:06',1),(159,'07','07.24','Kab. Labuhan Batu Selatan','2015-10-01 11:44:06',1,'2015-10-01 11:44:06',1),(160,'07','07.25','Kab. Labuhan Batu Utara','2015-10-01 11:44:06',1,'2015-10-01 11:44:06',1),(161,'07','07.26','Kab. Nias Utara','2015-10-01 11:44:06',1,'2015-10-01 11:44:06',1),(162,'07','07.27','Kab. Nias Barat','2015-10-01 11:44:06',1,'2015-10-01 11:44:06',1),(163,'07','07.51','Kota Medan','2015-10-01 11:44:06',1,'2015-10-01 11:44:06',1),(164,'07','07.52','Kota Tebing Tinggi','2015-10-01 11:44:06',1,'2015-10-01 11:44:06',1),(165,'07','07.53','Kota Binjai','2015-10-01 11:44:06',1,'2015-10-01 11:44:06',1),(166,'07','07.54','Kota Pematang Siantar','2015-10-01 11:44:06',1,'2015-10-01 11:44:06',1),(167,'07','07.55','Kota Tanjung Balai','2015-10-01 11:44:06',1,'2015-10-01 11:44:06',1),(168,'07','07.56','Kota Sibolga','2015-10-01 11:44:07',1,'2015-10-01 11:44:07',1),(169,'07','07.57','Kota Padangsidimpuan','2015-10-01 11:44:07',1,'2015-10-01 11:44:07',1),(170,'07','07.58','Kota Stabat','2015-10-01 11:44:07',1,'2015-10-01 11:44:07',1),(171,'07','07.59','Kota Lubuk Pakam','2015-10-01 11:44:07',1,'2015-10-01 11:44:07',1),(172,'07','07.60','Kota Sidi Kalang','2015-10-01 11:44:07',1,'2015-10-01 11:44:07',1),(173,'07','07.61','Kota Gunung Sitoli','2015-10-01 11:44:07',1,'2015-10-01 11:44:07',1),(174,'08','08.01','Kab. Agam','2015-10-01 11:44:07',1,'2015-10-01 11:44:07',1),(175,'08','08.02','Kab. Pasaman','2015-10-01 11:44:07',1,'2015-10-01 11:44:07',1),(176,'08','08.03','Kab. Lima Puluh Kota','2015-10-01 11:44:07',1,'2015-10-01 11:44:07',1),(177,'08','08.04','Kab. Solok','2015-10-01 11:44:07',1,'2015-10-01 11:44:07',1),(178,'08','08.05','Kab. Padang Pariaman','2015-10-01 11:44:07',1,'2015-10-01 11:44:07',1),(179,'08','08.06','Kab. Pesisir Selatan','2015-10-01 11:44:07',1,'2015-10-01 11:44:07',1),(180,'08','08.07','Kab. Tanah Datar','2015-10-01 11:44:07',1,'2015-10-01 11:44:07',1),(181,'08','08.08','Kab. Sawah Lunto','2015-10-01 11:44:07',1,'2015-10-01 11:44:07',1),(182,'08','08.09','Kab. Kepulauan Mentawai','2015-10-01 11:44:07',1,'2015-10-01 11:44:07',1),(183,'08','08.10','Kab. Dharmas Raya','2015-10-01 11:44:07',1,'2015-10-01 11:44:07',1),(184,'08','08.11','Kab. Solok Selatan','2015-10-01 11:44:08',1,'2015-10-01 11:44:08',1),(185,'08','08.12','Kab. Pasaman Barat','2015-10-01 11:44:08',1,'2015-10-01 11:44:08',1),(186,'08','08.13','Kab. Sijunjung','2015-10-01 11:44:08',1,'2015-10-01 11:44:08',1),(187,'08','08.14','Kab. Sawahlunto/sijunjung','2015-10-01 11:44:08',1,'2015-10-01 11:44:08',1),(188,'08','08.51','Kota Bukittinggi','2015-10-01 11:44:08',1,'2015-10-01 11:44:08',1),(189,'08','08.52','Kota Padang Panjang','2015-10-01 11:44:08',1,'2015-10-01 11:44:08',1),(190,'08','08.53','Kota Solok','2015-10-01 11:44:08',1,'2015-10-01 11:44:08',1),(191,'08','08.54','Kota Sawah Lunto','2015-10-01 11:44:08',1,'2015-10-01 11:44:08',1),(192,'08','08.55','Kota Padang','2015-10-01 11:44:08',1,'2015-10-01 11:44:08',1),(193,'08','08.56','Kota Payakumbuh','2015-10-01 11:44:08',1,'2015-10-01 11:44:08',1),(194,'08','08.57','Kota Pariaman','2015-10-01 11:44:08',1,'2015-10-01 11:44:08',1),(195,'08','08.58','Kota Lubuk Sikaping','2015-10-01 11:44:08',1,'2015-10-01 11:44:08',1),(196,'08','08.59','Kota Painan','2015-10-01 11:44:08',1,'2015-10-01 11:44:08',1),(197,'09','09.01','Kab. Kampar','2015-10-01 11:44:08',1,'2015-10-01 11:44:08',1),(198,'09','09.02','Kab. Bengkalis','2015-10-01 11:44:08',1,'2015-10-01 11:44:08',1),(199,'09','09.04','Kab. Indragiri Hulu','2015-10-01 11:44:08',1,'2015-10-01 11:44:08',1),(200,'09','09.05','Kab. Indragiri Hilir','2015-10-01 11:44:08',1,'2015-10-01 11:44:08',1),(201,'09','09.06','Kab. Pelalawan','2015-10-01 11:44:08',1,'2015-10-01 11:44:08',1),(202,'09','09.07','Kab. Rokan Hulu','2015-10-01 11:44:08',1,'2015-10-01 11:44:08',1),(203,'09','09.08','Kab. Rokan Hilir','2015-10-01 11:44:08',1,'2015-10-01 11:44:08',1),(204,'09','09.09','Kab. Siak','2015-10-01 11:44:08',1,'2015-10-01 11:44:08',1),(205,'09','09.12','Kab. Kuantan Singingi','2015-10-01 11:44:08',1,'2015-10-01 11:44:08',1),(206,'09','09.13','Kab. Kepulauan Meranti','2015-10-01 11:44:08',1,'2015-10-01 11:44:08',1),(207,'09','09.51','Kota Pekanbaru','2015-10-01 11:44:08',1,'2015-10-01 11:44:08',1),(208,'09','09.53','Kota Dumai','2015-10-01 11:44:08',1,'2015-10-01 11:44:08',1),(209,'09','09.54','Kota Rengat','2015-10-01 11:44:08',1,'2015-10-01 11:44:08',1),(210,'09','09.55','Kota Otorita Batam','2015-10-01 11:44:08',1,'2015-10-01 11:44:08',1),(211,'10','10.01','Kab. Batang Hari','2015-10-01 11:44:09',1,'2015-10-01 11:44:09',1),(212,'10','10.02','Kab. Tanjung Jabung Barat','2015-10-01 11:44:09',1,'2015-10-01 11:44:09',1),(213,'10','10.03','Kab. Bungo','2015-10-01 11:44:09',1,'2015-10-01 11:44:09',1),(214,'10','10.04','Kab. Sarolangun','2015-10-01 11:44:09',1,'2015-10-01 11:44:09',1),(215,'10','10.05','Kab. Kerinci','2015-10-01 11:44:09',1,'2015-10-01 11:44:09',1),(216,'10','10.06','Kab. Merangin','2015-10-01 11:44:09',1,'2015-10-01 11:44:09',1),(217,'10','10.07','Kab. Tanjung Jabung Timur','2015-10-01 11:44:09',1,'2015-10-01 11:44:09',1),(218,'10','10.08','Kab. Tebo','2015-10-01 11:44:09',1,'2015-10-01 11:44:09',1),(219,'10','10.09','Kab. Muaro Jambi','2015-10-01 11:44:09',1,'2015-10-01 11:44:09',1),(220,'10','10.51','Kota Jambi','2015-10-01 11:44:09',1,'2015-10-01 11:44:09',1),(221,'10','10.52','Kota Sungai Penuh','2015-10-01 11:44:09',1,'2015-10-01 11:44:09',1),(222,'11','11.03','Kab. Musi Banyuasin','2015-10-01 11:44:09',1,'2015-10-01 11:44:09',1),(223,'11','11.04','Kab. Ogan Komering Ulu','2015-10-01 11:44:09',1,'2015-10-01 11:44:09',1),(224,'11','11.05','Kab. Muara Enim','2015-10-01 11:44:09',1,'2015-10-01 11:44:09',1),(225,'11','11.06','Kab. Lahat','2015-10-01 11:44:09',1,'2015-10-01 11:44:09',1),(226,'11','11.07','Kab. Musi Rawas','2015-10-01 11:44:09',1,'2015-10-01 11:44:09',1),(227,'11','11.08','Kab. Ogan Komering Ilir','2015-10-01 11:44:09',1,'2015-10-01 11:44:09',1),(228,'11','11.09','Kab. Banyu Asin','2015-10-01 11:44:09',1,'2015-10-01 11:44:09',1),(229,'11','11.10','Kab. Ogan Komering Ulu Timur','2015-10-01 11:44:09',1,'2015-10-01 11:44:09',1),(230,'11','11.11','Kab. Ogan Komering Ulu Selatan','2015-10-01 11:44:09',1,'2015-10-01 11:44:09',1),(231,'11','11.12','Kab. Ogan Ilir','2015-10-01 11:44:09',1,'2015-10-01 11:44:09',1),(232,'11','11.13','Kab. Oku Utara','2015-10-01 11:44:09',1,'2015-10-01 11:44:09',1),(233,'11','11.15','Kab. Idralaya','2015-10-01 11:44:09',1,'2015-10-01 11:44:09',1),(234,'11','11.16','Kab. Batu Raja','2015-10-01 11:44:10',1,'2015-10-01 11:44:10',1),(235,'11','11.17','Kab. Empat Lawang','2015-10-01 11:44:10',1,'2015-10-01 11:44:10',1),(236,'11','11.18','Kab. Penukal Abab Lematang Ilir','2015-10-01 11:44:10',1,'2015-10-01 11:44:10',1),(237,'11','11.19','Kab. Musi Rawas Utara','2015-10-01 11:44:10',1,'2015-10-01 11:44:10',1),(238,'11','11.51','Kota Palembang','2015-10-01 11:44:10',1,'2015-10-01 11:44:10',1),(239,'11','11.53','Kota Prabumulih','2015-10-01 11:44:10',1,'2015-10-01 11:44:10',1),(240,'11','11.54','Kota Pagar Alam','2015-10-01 11:44:10',1,'2015-10-01 11:44:10',1),(241,'11','11.55','Kota Lubuklinggau','2015-10-01 11:44:10',1,'2015-10-01 11:44:10',1),(242,'12','12.01','Kab. Lampung Selatan','2015-10-01 11:44:10',1,'2015-10-01 11:44:10',1),(243,'12','12.02','Kab. Lampung Tengah','2015-10-01 11:44:10',1,'2015-10-01 11:44:10',1),(244,'12','12.03','Kab. Lampung Utara','2015-10-01 11:44:10',1,'2015-10-01 11:44:10',1),(245,'12','12.04','Kab. Lampung Barat','2015-10-01 11:44:10',1,'2015-10-01 11:44:10',1),(246,'12','12.05','Kab. Tulangbawang','2015-10-01 11:44:10',1,'2015-10-01 11:44:10',1),(247,'12','12.06','Kab. Tanggamus','2015-10-01 11:44:10',1,'2015-10-01 11:44:10',1),(248,'12','12.07','Kab. Lampung Timur','2015-10-01 11:44:10',1,'2015-10-01 11:44:10',1),(249,'12','12.08','Kab. Way Kanan','2015-10-01 11:44:10',1,'2015-10-01 11:44:10',1),(250,'12','12.09','Kab. Pesawaran','2015-10-01 11:44:10',1,'2015-10-01 11:44:10',1),(251,'12','12.10','Kab. Pringsewu','2015-10-01 11:44:10',1,'2015-10-01 11:44:10',1),(252,'12','12.11','Kab. Mesuji','2015-10-01 11:44:10',1,'2015-10-01 11:44:10',1),(253,'12','12.12','Kab. Tulang Bawang Barat','2015-10-01 11:44:10',1,'2015-10-01 11:44:10',1),(254,'12','12.13','Kab. Pesisir Barat','2015-10-01 11:44:10',1,'2015-10-01 11:44:10',1),(255,'12','12.51','Kota Bandar Lampung','2015-10-01 11:44:10',1,'2015-10-01 11:44:10',1),(256,'12','12.52','Kota Metro','2015-10-01 11:44:10',1,'2015-10-01 11:44:10',1),(257,'13','13.01','Kab. Sambas','2015-10-01 11:44:10',1,'2015-10-01 11:44:10',1),(258,'13','13.02','Kab. Sanggau','2015-10-01 11:44:11',1,'2015-10-01 11:44:11',1),(259,'13','13.03','Kab. Sintang','2015-10-01 11:44:11',1,'2015-10-01 11:44:11',1),(260,'13','13.04','Kab. Pontianak','2015-10-01 11:44:11',1,'2015-10-01 11:44:11',1),(261,'13','13.05','Kab. Kapuas Hulu','2015-10-01 11:44:11',1,'2015-10-01 11:44:11',1),(262,'13','13.06','Kab. Ketapang','2015-10-01 11:44:11',1,'2015-10-01 11:44:11',1),(263,'13','13.07','Kab. Bengkayang','2015-10-01 11:44:11',1,'2015-10-01 11:44:11',1),(264,'13','13.08','Kab. Landak','2015-10-01 11:44:11',1,'2015-10-01 11:44:11',1),(265,'13','13.09','Kab. Melawi','2015-10-01 11:44:11',1,'2015-10-01 11:44:11',1),(266,'13','13.10','Kab. Sekadau','2015-10-01 11:44:11',1,'2015-10-01 11:44:11',1),(267,'13','13.11','Kab. Kayong Utara','2015-10-01 11:44:11',1,'2015-10-01 11:44:11',1),(268,'13','13.12','Kab. Kubu Raya','2015-10-01 11:44:11',1,'2015-10-01 11:44:11',1),(269,'13','13.51','Kota Pontianak','2015-10-01 11:44:11',1,'2015-10-01 11:44:11',1),(270,'13','13.52','Kota Singkawang','2015-10-01 11:44:11',1,'2015-10-01 11:44:11',1),(271,'14','14.01','Kab. Kapuas','2015-10-01 11:44:11',1,'2015-10-01 11:44:11',1),(272,'14','14.02','Kab. Barito Utara','2015-10-01 11:44:11',1,'2015-10-01 11:44:11',1),(273,'14','14.03','Kab. Barito Selatan','2015-10-01 11:44:11',1,'2015-10-01 11:44:11',1),(274,'14','14.04','Kab. Kotawaringin Timur','2015-10-01 11:44:11',1,'2015-10-01 11:44:11',1),(275,'14','14.05','Kab. Kotawaringin Barat','2015-10-01 11:44:11',1,'2015-10-01 11:44:11',1),(276,'14','14.06','Kab. Katingan','2015-10-01 11:44:11',1,'2015-10-01 11:44:11',1),(277,'14','14.07','Kab. Seruyan','2015-10-01 11:44:11',1,'2015-10-01 11:44:11',1),(278,'14','14.08','Kab. Sukamara','2015-10-01 11:44:11',1,'2015-10-01 11:44:11',1),(279,'14','14.09','Kab. Lamandau','2015-10-01 11:44:11',1,'2015-10-01 11:44:11',1),(280,'14','14.10','Kab. Gunung Mas','2015-10-01 11:44:11',1,'2015-10-01 11:44:11',1),(281,'14','14.11','Kab. Pulang Pisau','2015-10-01 11:44:12',1,'2015-10-01 11:44:12',1),(282,'14','14.12','Kab. Murung Raya','2015-10-01 11:44:12',1,'2015-10-01 11:44:12',1),(283,'14','14.13','Kab. Barito Timur','2015-10-01 11:44:12',1,'2015-10-01 11:44:12',1),(284,'14','14.51','Kota Palangka Raya','2015-10-01 11:44:12',1,'2015-10-01 11:44:12',1),(285,'15','15.01','Kab. Banjar','2015-10-01 11:44:12',1,'2015-10-01 11:44:12',1),(286,'15','15.02','Kab. Tanah Laut','2015-10-01 11:44:12',1,'2015-10-01 11:44:12',1),(287,'15','15.03','Kab. Tapin','2015-10-01 11:44:12',1,'2015-10-01 11:44:12',1),(288,'15','15.04','Kab. Hulu Sungai Selatan','2015-10-01 11:44:12',1,'2015-10-01 11:44:12',1),(289,'15','15.05','Kab. Hulu Sungai Tengah','2015-10-01 11:44:12',1,'2015-10-01 11:44:12',1),(290,'15','15.06','Kab. Barito Kuala','2015-10-01 11:44:12',1,'2015-10-01 11:44:12',1),(291,'15','15.07','Kab. Tabalong','2015-10-01 11:44:12',1,'2015-10-01 11:44:12',1),(292,'15','15.08','Kab. Kota Baru','2015-10-01 11:44:12',1,'2015-10-01 11:44:12',1),(293,'15','15.09','Kab. Hulu Sungai Utara','2015-10-01 11:44:12',1,'2015-10-01 11:44:12',1),(294,'15','15.10','Kab. Tanah Bumbu','2015-10-01 11:44:12',1,'2015-10-01 11:44:12',1),(295,'15','15.11','Kab. Balangan','2015-10-01 11:44:12',1,'2015-10-01 11:44:12',1),(296,'15','15.51','Kota Banjarmasin','2015-10-01 11:44:12',1,'2015-10-01 11:44:12',1),(297,'15','15.52','Kota Banjar Baru','2015-10-01 11:44:12',1,'2015-10-01 11:44:12',1),(298,'16','16.01','Kab. Kutai','2015-10-01 11:44:12',1,'2015-10-01 11:44:12',1),(299,'16','16.02','Kab. Paser','2015-10-01 11:44:12',1,'2015-10-01 11:44:12',1),(300,'16','16.03','Kab. Bulungan','2015-10-01 11:44:12',1,'2015-10-01 11:44:12',1),(301,'16','16.04','Kab. Berau','2015-10-01 11:44:12',1,'2015-10-01 11:44:12',1),(302,'16','16.05','Kab. Nunukan','2015-10-01 11:44:13',1,'2015-10-01 11:44:13',1),(303,'16','16.06','Kab. Malinau','2015-10-01 11:44:13',1,'2015-10-01 11:44:13',1),(304,'16','16.07','Kab. Kutai Barat','2015-10-01 11:44:13',1,'2015-10-01 11:44:13',1),(305,'16','16.08','Kab. Kutai Timur','2015-10-01 11:44:13',1,'2015-10-01 11:44:13',1),(306,'16','16.09','Kab. Penajam Paser Utara','2015-10-01 11:44:13',1,'2015-10-01 11:44:13',1),(307,'16','16.10','Kab. Kutai Kartanegara','2015-10-01 11:44:13',1,'2015-10-01 11:44:13',1),(308,'16','16.11','Kab. Tenggarong','2015-10-01 11:44:13',1,'2015-10-01 11:44:13',1),(309,'16','16.12','Kab. Tana Tidung','2015-10-01 11:44:13',1,'2015-10-01 11:44:13',1),(310,'16','16.13','Kab. Mahakam Ulu','2015-10-01 11:44:13',1,'2015-10-01 11:44:13',1),(311,'16','16.51','Kota Samarinda','2015-10-01 11:44:13',1,'2015-10-01 11:44:13',1),(312,'16','16.52','Kota Balikpapan','2015-10-01 11:44:13',1,'2015-10-01 11:44:13',1),(313,'16','16.53','Kota Tarakan','2015-10-01 11:44:13',1,'2015-10-01 11:44:13',1),(314,'16','16.54','Kota Bontang','2015-10-01 11:44:13',1,'2015-10-01 11:44:13',1),(315,'17','17.02','Kab. Minahasa','2015-10-01 11:44:13',1,'2015-10-01 11:44:13',1),(316,'17','17.03','Kab. Bolaang Mongondow','2015-10-01 11:44:13',1,'2015-10-01 11:44:13',1),(317,'17','17.04','Kab. Kepulauan Sangihe','2015-10-01 11:44:13',1,'2015-10-01 11:44:13',1),(318,'17','17.05','Kab. Kepulauan Talaud','2015-10-01 11:44:13',1,'2015-10-01 11:44:13',1),(319,'17','17.06','Kab. Minahasa Selatan','2015-10-01 11:44:13',1,'2015-10-01 11:44:13',1),(320,'17','17.07','Kab. Tomohon','2015-10-01 11:44:13',1,'2015-10-01 11:44:13',1),(321,'17','17.08','Kab. Minahasa Utara','2015-10-01 11:44:13',1,'2015-10-01 11:44:13',1),(322,'17','17.09','Kab. Kep.sangihe Talaud','2015-10-01 11:44:13',1,'2015-10-01 11:44:13',1),(323,'17','17.10','Kab. Minahasa Tenggara','2015-10-01 11:44:13',1,'2015-10-01 11:44:13',1),(324,'17','17.11','Kab. Bolaang Mongondow Utara','2015-10-01 11:44:14',1,'2015-10-01 11:44:14',1),(325,'17','17.12','Kab. Kep. Siau Tagulandang Biaro','2015-10-01 11:44:14',1,'2015-10-01 11:44:14',1),(326,'17','17.13','Kab. Bolaang Mongondow Selatan','2015-10-01 11:44:14',1,'2015-10-01 11:44:14',1),(327,'17','17.14','Kab. Bolaang Mongondow Timur','2015-10-01 11:44:14',1,'2015-10-01 11:44:14',1),(328,'17','17.51','Kota Manado','2015-10-01 11:44:14',1,'2015-10-01 11:44:14',1),(329,'17','17.52','Kota Tomohon','2015-10-01 11:44:14',1,'2015-10-01 11:44:14',1),(330,'17','17.53','Kota Bitung','2015-10-01 11:44:14',1,'2015-10-01 11:44:14',1),(331,'17','17.54','Kota Kotamobago','2015-10-01 11:44:14',1,'2015-10-01 11:44:14',1),(332,'18','18.01','Kab. Poso','2015-10-01 11:44:14',1,'2015-10-01 11:44:14',1),(333,'18','18.02','Kab. Donggala','2015-10-01 11:44:14',1,'2015-10-01 11:44:14',1),(334,'18','18.03','Kab. Toli-toli','2015-10-01 11:44:14',1,'2015-10-01 11:44:14',1),(335,'18','18.04','Kab. Banggai','2015-10-01 11:44:14',1,'2015-10-01 11:44:14',1),(336,'18','18.05','Kab. Buol','2015-10-01 11:44:14',1,'2015-10-01 11:44:14',1),(337,'18','18.06','Kab. Morowali','2015-10-01 11:44:14',1,'2015-10-01 11:44:14',1),(338,'18','18.07','Kab. Banggai Kepulauan','2015-10-01 11:44:14',1,'2015-10-01 11:44:14',1),(339,'18','18.08','Kab. Parigi Moutong','2015-10-01 11:44:14',1,'2015-10-01 11:44:14',1),(340,'18','18.09','Kab. Tojo Una-una','2015-10-01 11:44:14',1,'2015-10-01 11:44:14',1),(341,'18','18.12','Kab. Sigi','2015-10-01 11:44:14',1,'2015-10-01 11:44:14',1),(342,'18','18.13','Kab. Banggai Laut','2015-10-01 11:44:14',1,'2015-10-01 11:44:14',1),(343,'18','18.14','Kab. Morowali Utara','2015-10-01 11:44:14',1,'2015-10-01 11:44:14',1),(344,'18','18.51','Kota Palu','2015-10-01 11:44:14',1,'2015-10-01 11:44:14',1),(345,'19','19.01','Kab. Pinrang','2015-10-01 11:44:14',1,'2015-10-01 11:44:14',1),(346,'19','19.02','Kab. Gowa','2015-10-01 11:44:14',1,'2015-10-01 11:44:14',1),(347,'19','19.03','Kab. Wajo','2015-10-01 11:44:14',1,'2015-10-01 11:44:14',1),(348,'19','19.05','Kab. Bone','2015-10-01 11:44:14',1,'2015-10-01 11:44:14',1),(349,'19','19.06','Kab. Tana Toraja','2015-10-01 11:44:14',1,'2015-10-01 11:44:14',1),(350,'19','19.07','Kab. Maros','2015-10-01 11:44:15',1,'2015-10-01 11:44:15',1),(351,'19','19.09','Kab. Luwu','2015-10-01 11:44:15',1,'2015-10-01 11:44:15',1),(352,'19','19.10','Kab. Sinjai','2015-10-01 11:44:15',1,'2015-10-01 11:44:15',1),(353,'19','19.11','Kab. Bulukumba','2015-10-01 11:44:15',1,'2015-10-01 11:44:15',1),(354,'19','19.12','Kab. Bantaeng','2015-10-01 11:44:15',1,'2015-10-01 11:44:15',1),(355,'19','19.13','Kab. Jeneponto','2015-10-01 11:44:15',1,'2015-10-01 11:44:15',1),(356,'19','19.14','Kab. Kepulauan Selayar','2015-10-01 11:44:15',1,'2015-10-01 11:44:15',1),(357,'19','19.15','Kab. Takalar','2015-10-01 11:44:15',1,'2015-10-01 11:44:15',1),(358,'19','19.16','Kab. Barru','2015-10-01 11:44:15',1,'2015-10-01 11:44:15',1),(359,'19','19.17','Kab. Sidenreng Rappang','2015-10-01 11:44:15',1,'2015-10-01 11:44:15',1),(360,'19','19.18','Kab. Pangkajene Dan Kepulauan','2015-10-01 11:44:15',1,'2015-10-01 11:44:15',1),(361,'19','19.19','Kab. Soppeng','2015-10-01 11:44:15',1,'2015-10-01 11:44:15',1),(362,'19','19.21','Kab. Enrekang','2015-10-01 11:44:15',1,'2015-10-01 11:44:15',1),(363,'19','19.22','Kab. Luwu Utara','2015-10-01 11:44:15',1,'2015-10-01 11:44:15',1),(364,'19','19.24','Kab. Luwu Timur','2015-10-01 11:44:15',1,'2015-10-01 11:44:15',1),(365,'19','19.25','Kab. Toraja Utara','2015-10-01 11:44:15',1,'2015-10-01 11:44:15',1),(366,'19','19.51','Kota Makassar','2015-10-01 11:44:15',1,'2015-10-01 11:44:15',1),(367,'19','19.52','Kota Pare-pare','2015-10-01 11:44:15',1,'2015-10-01 11:44:15',1),(368,'19','19.53','Kota Palopo','2015-10-01 11:44:15',1,'2015-10-01 11:44:15',1),(369,'20','20.01','Kab. Kendari (sdh Tidak Ada)','2015-10-01 11:44:15',1,'2015-10-01 11:44:15',1),(370,'20','20.02','Kab. Buton','2015-10-01 11:44:15',1,'2015-10-01 11:44:15',1),(371,'20','20.03','Kab. Muna','2015-10-01 11:44:15',1,'2015-10-01 11:44:15',1),(372,'20','20.04','Kab. Kolaka','2015-10-01 11:44:15',1,'2015-10-01 11:44:15',1),(373,'20','20.05','Kab. Konawe Selatan','2015-10-01 11:44:15',1,'2015-10-01 11:44:15',1),(374,'20','20.06','Kab. Bombana','2015-10-01 11:44:15',1,'2015-10-01 11:44:15',1),(375,'20','20.07','Kab. Wakatobi','2015-10-01 11:44:16',1,'2015-10-01 11:44:16',1),(376,'20','20.08','Kab. Kolaka Utara','2015-10-01 11:44:16',1,'2015-10-01 11:44:16',1),(377,'20','20.09','Kab. Konawe','2015-10-01 11:44:16',1,'2015-10-01 11:44:16',1),(378,'20','20.10','Kab. Konawe Utara','2015-10-01 11:44:16',1,'2015-10-01 11:44:16',1),(379,'20','20.11','Kab. Buton Utara','2015-10-01 11:44:16',1,'2015-10-01 11:44:16',1),(380,'20','20.12','Kab. Kolaka Timur','2015-10-01 11:44:16',1,'2015-10-01 11:44:16',1),(381,'20','20.13','Kab. Konawe Kepulauan','2015-10-01 11:44:16',1,'2015-10-01 11:44:16',1),(382,'20','20.51','Kota Kendari','2015-10-01 11:44:16',1,'2015-10-01 11:44:16',1),(383,'20','20.52','Kota Bau-bau','2015-10-01 11:44:16',1,'2015-10-01 11:44:16',1),(384,'20','20.53','Kab. Muna Barat','2015-10-01 11:44:16',1,'2015-10-01 11:44:16',1),(385,'20','20.54','Kab. Buton Selatan','2015-10-01 11:44:16',1,'2015-10-01 11:44:16',1),(386,'20','20.55','Kab. Buton Tengah','2015-10-01 11:44:16',1,'2015-10-01 11:44:16',1),(387,'21','21.01','Kab. Maluku Tengah','2015-10-01 11:44:16',1,'2015-10-01 11:44:16',1),(388,'21','21.02','Kab. Maluku Tenggara','2015-10-01 11:44:16',1,'2015-10-01 11:44:16',1),(389,'21','21.03','Kab. Maluku Tenggara Barat','2015-10-01 11:44:16',1,'2015-10-01 11:44:16',1),(390,'21','21.04','Kab. Buru','2015-10-01 11:44:16',1,'2015-10-01 11:44:16',1),(391,'21','21.05','Kab. Kepulauan Aru','2015-10-01 11:44:16',1,'2015-10-01 11:44:16',1),(392,'21','21.06','Kab. Seram Bagian Barat','2015-10-01 11:44:16',1,'2015-10-01 11:44:16',1),(393,'21','21.07','Kab. Seram Bagian Timur','2015-10-01 11:44:16',1,'2015-10-01 11:44:16',1),(394,'21','21.08','Kab. Maluku','2015-10-01 11:44:16',1,'2015-10-01 11:44:16',1),(395,'21','21.09','Kab. Maluku Barat Daya','2015-10-01 11:44:17',1,'2015-10-01 11:44:17',1),(396,'21','21.10','Kab. Buru Selatan','2015-10-01 11:44:17',1,'2015-10-01 11:44:17',1),(397,'21','21.51','Kota Ambon','2015-10-01 11:44:17',1,'2015-10-01 11:44:17',1),(398,'21','21.52','Kota Tual','2015-10-01 11:44:17',1,'2015-10-01 11:44:17',1),(399,'22','22.01','Kab. Buleleng','2015-10-01 11:44:17',1,'2015-10-01 11:44:17',1),(400,'22','22.02','Kab. Jembrana','2015-10-01 11:44:17',1,'2015-10-01 11:44:17',1),(401,'22','22.03','Kab. Klungkung','2015-10-01 11:44:17',1,'2015-10-01 11:44:17',1),(402,'22','22.04','Kab. Gianyar','2015-10-01 11:44:17',1,'2015-10-01 11:44:17',1),(403,'22','22.05','Kab. Karang Asem','2015-10-01 11:44:17',1,'2015-10-01 11:44:17',1),(404,'22','22.06','Kab. Bangli','2015-10-01 11:44:17',1,'2015-10-01 11:44:17',1),(405,'22','22.07','Kab. Badung','2015-10-01 11:44:17',1,'2015-10-01 11:44:17',1),(406,'22','22.08','Kab. Tabanan','2015-10-01 11:44:17',1,'2015-10-01 11:44:17',1),(407,'22','22.09','Kab. Negara','2015-10-01 11:44:17',1,'2015-10-01 11:44:17',1),(408,'22','22.51','Kota Denpasar','2015-10-01 11:44:17',1,'2015-10-01 11:44:17',1),(409,'23','23.01','Kab. Lombok Barat','2015-10-01 11:44:17',1,'2015-10-01 11:44:17',1),(410,'23','23.02','Kab. Lombok Tengah','2015-10-01 11:44:17',1,'2015-10-01 11:44:17',1),(411,'23','23.03','Kab. Lombok Timur','2015-10-01 11:44:17',1,'2015-10-01 11:44:17',1),(412,'23','23.04','Kab. Bima','2015-10-01 11:44:18',1,'2015-10-01 11:44:18',1),(413,'23','23.05','Kab. Sumbawa','2015-10-01 11:44:18',1,'2015-10-01 11:44:18',1),(414,'23','23.06','Kab. Dompu','2015-10-01 11:44:18',1,'2015-10-01 11:44:18',1),(415,'23','23.07','Kab. Sumbawa Barat','2015-10-01 11:44:18',1,'2015-10-01 11:44:18',1),(416,'23','23.08','Kab. Lombok Utara','2015-10-01 11:44:18',1,'2015-10-01 11:44:18',1),(417,'23','23.51','Kota Mataram','2015-10-01 11:44:18',1,'2015-10-01 11:44:18',1),(418,'23','23.52','Kota Bima','2015-10-01 11:44:18',1,'2015-10-01 11:44:18',1),(419,'24','24.01','Kab. Kupang','2015-10-01 11:44:18',1,'2015-10-01 11:44:18',1),(420,'24','24.02','Kab. Belu','2015-10-01 11:44:18',1,'2015-10-01 11:44:18',1),(421,'24','24.03','Kab. Timor Tengah Utara','2015-10-01 11:44:18',1,'2015-10-01 11:44:18',1),(422,'24','24.04','Kab. Timor Tengah Selatan','2015-10-01 11:44:18',1,'2015-10-01 11:44:18',1),(423,'24','24.05','Kab. Alor','2015-10-01 11:44:18',1,'2015-10-01 11:44:18',1),(424,'24','24.06','Kab. Sikka','2015-10-01 11:44:18',1,'2015-10-01 11:44:18',1),(425,'24','24.07','Kab. Flores Timur','2015-10-01 11:44:18',1,'2015-10-01 11:44:18',1),(426,'24','24.08','Kab. Ende','2015-10-01 11:44:18',1,'2015-10-01 11:44:18',1),(427,'24','24.09','Kab. Ngada','2015-10-01 11:44:18',1,'2015-10-01 11:44:18',1),(428,'24','24.10','Kab. Manggarai','2015-10-01 11:44:18',1,'2015-10-01 11:44:18',1),(429,'24','24.11','Kab. Sumba Timur','2015-10-01 11:44:18',1,'2015-10-01 11:44:18',1),(430,'24','24.12','Kab. Sumba Barat','2015-10-01 11:44:18',1,'2015-10-01 11:44:18',1),(431,'24','24.13','Kab. Lembata','2015-10-01 11:44:18',1,'2015-10-01 11:44:18',1),(432,'24','24.14','Kab. Rote Ndao','2015-10-01 11:44:18',1,'2015-10-01 11:44:18',1),(433,'24','24.15','Kab. Manggarai Barat','2015-10-01 11:44:18',1,'2015-10-01 11:44:18',1),(434,'24','24.16','Kab. Timor','2015-10-01 11:44:18',1,'2015-10-01 11:44:18',1),(435,'24','24.17','Kab. Nagekeo','2015-10-01 11:44:18',1,'2015-10-01 11:44:18',1),(436,'24','24.18','Kab. Sumba Tengah','2015-10-01 11:44:18',1,'2015-10-01 11:44:18',1),(437,'24','24.19','Kab. Sumba Barat Daya','2015-10-01 11:44:19',1,'2015-10-01 11:44:19',1),(438,'24','24.20','Kab. Manggarai Timur','2015-10-01 11:44:19',1,'2015-10-01 11:44:19',1),(439,'24','24.21','Kab. Sabu Raijua','2015-10-01 11:44:19',1,'2015-10-01 11:44:19',1),(440,'24','24.22','Kab. Malaka','2015-10-01 11:44:19',1,'2015-10-01 11:44:19',1),(441,'24','24.51','Kota Kupang','2015-10-01 11:44:19',1,'2015-10-01 11:44:19',1),(442,'24','24.53','Kab. Ruteng','2015-10-01 11:44:19',1,'2015-10-01 11:44:19',1),(443,'24','24.54','Kab. Malaka','2015-10-01 11:44:19',1,'2015-10-01 11:44:19',1),(444,'25','25.01','Kab. Jayapura','2015-10-01 11:44:19',1,'2015-10-01 11:44:19',1),(445,'25','25.02','Kab. Yapen Waropen','2015-10-01 11:44:19',1,'2015-10-01 11:44:19',1),(446,'25','25.04','Kab. Kepulauan Yapen','2015-10-01 11:44:19',1,'2015-10-01 11:44:19',1),(447,'25','25.07','Kab. Merauke','2015-10-01 11:44:19',1,'2015-10-01 11:44:19',1),(448,'25','25.08','Kab. Jayawijaya','2015-10-01 11:44:19',1,'2015-10-01 11:44:19',1),(449,'25','25.09','Kab. Paniai','2015-10-01 11:44:19',1,'2015-10-01 11:44:19',1),(450,'25','25.10','Kab. Nabire','2015-10-01 11:44:19',1,'2015-10-01 11:44:19',1),(451,'25','25.11','Kab. Puncak Jaya','2015-10-01 11:44:19',1,'2015-10-01 11:44:19',1),(452,'25','25.12','Kab. Mimika','2015-10-01 11:44:19',1,'2015-10-01 11:44:19',1),(453,'25','25.13','Kab. Mappi','2015-10-01 11:44:19',1,'2015-10-01 11:44:19',1),(454,'25','25.14','Kab. Asmat','2015-10-01 11:44:19',1,'2015-10-01 11:44:19',1),(455,'25','25.15','Kab. Boven Digoel','2015-10-01 11:44:19',1,'2015-10-01 11:44:19',1),(456,'25','25.16','Kab. Sarmi','2015-10-01 11:44:19',1,'2015-10-01 11:44:19',1),(457,'25','25.17','Kab. Keerom','2015-10-01 11:44:19',1,'2015-10-01 11:44:19',1),(458,'25','25.18','Kab. Tolikara','2015-10-01 11:44:19',1,'2015-10-01 11:44:19',1),(459,'25','25.19','Kab. Pegunungan Bintang','2015-10-01 11:44:19',1,'2015-10-01 11:44:19',1),(460,'25','25.20','Kab. Mamberamo Raya','2015-10-01 11:44:20',1,'2015-10-01 11:44:20',1),(461,'25','25.23','Kab. Waropen','2015-10-01 11:44:20',1,'2015-10-01 11:44:20',1),(462,'25','25.24','Kab. Yahukimo','2015-10-01 11:44:20',1,'2015-10-01 11:44:20',1),(463,'25','25.27','Kab. Supiori','2015-10-01 11:44:20',1,'2015-10-01 11:44:20',1),(464,'25','25.28','Kab. Mamberamo Tengah','2015-10-01 11:44:20',1,'2015-10-01 11:44:20',1),(465,'25','25.29','Kab. Lanny Jaya','2015-10-01 11:44:20',1,'2015-10-01 11:44:20',1),(466,'25','25.30','Kab. Dogiyai','2015-10-01 11:44:20',1,'2015-10-01 11:44:20',1),(467,'25','25.31','Kab. Yalimo','2015-10-01 11:44:20',1,'2015-10-01 11:44:20',1),(468,'25','25.32','Kab. Nduga','2015-10-01 11:44:20',1,'2015-10-01 11:44:20',1),(469,'25','25.33','Kab. Puncak','2015-10-01 11:44:20',1,'2015-10-01 11:44:20',1),(470,'25','25.34','Kab. Dayai','2015-10-01 11:44:20',1,'2015-10-01 11:44:20',1),(471,'25','25.35','Kab. Intan Jaya','2015-10-01 11:44:20',1,'2015-10-01 11:44:20',1),(472,'25','25.36','Kab. Deiyai','2015-10-01 11:44:20',1,'2015-10-01 11:44:20',1),(473,'25','25.37','Kab. Biak Numfor','2015-10-01 11:44:20',1,'2015-10-01 11:44:20',1),(474,'25','25.51','Kota Jayapura','2015-10-01 11:44:20',1,'2015-10-01 11:44:20',1),(475,'26','26.01','Kab. Bengkulu Utara','2015-10-01 11:44:20',1,'2015-10-01 11:44:20',1),(476,'26','26.02','Kab. Bengkulu Selatan','2015-10-01 11:44:20',1,'2015-10-01 11:44:20',1),(477,'26','26.03','Kab. Rejang Lebong','2015-10-01 11:44:20',1,'2015-10-01 11:44:20',1),(478,'26','26.04','Kab. Seluma','2015-10-01 11:44:20',1,'2015-10-01 11:44:20',1),(479,'26','26.05','Kab. Kaur','2015-10-01 11:44:20',1,'2015-10-01 11:44:20',1),(480,'26','26.06','Kab. Mukomuko','2015-10-01 11:44:20',1,'2015-10-01 11:44:20',1),(481,'26','26.07','Kab. Lebong','2015-10-01 11:44:20',1,'2015-10-01 11:44:20',1),(482,'26','26.08','Kab. Kepahiang','2015-10-01 11:44:20',1,'2015-10-01 11:44:20',1),(483,'26','26.09','Kab. Bengkulu Tengah','2015-10-01 11:44:20',1,'2015-10-01 11:44:20',1),(484,'26','26.51','Kota Bengkulu','2015-10-01 11:44:21',1,'2015-10-01 11:44:21',1),(485,'28','28.01','Kab. Maluku Utara','2015-10-01 11:44:21',1,'2015-10-01 11:44:21',1),(486,'28','28.02','Kab. Halmahera Tengah','2015-10-01 11:44:21',1,'2015-10-01 11:44:21',1),(487,'28','28.03','Kab. Halmahera Utara','2015-10-01 11:44:21',1,'2015-10-01 11:44:21',1),(488,'28','28.04','Kab. Halmahera Selatan','2015-10-01 11:44:21',1,'2015-10-01 11:44:21',1),(489,'28','28.05','Kab. Kepulauan Sula','2015-10-01 11:44:21',1,'2015-10-01 11:44:21',1),(490,'28','28.06','Kab. Halmahera Timur','2015-10-01 11:44:21',1,'2015-10-01 11:44:21',1),(491,'28','28.07','Kab. Halmahera Barat','2015-10-01 11:44:21',1,'2015-10-01 11:44:21',1),(492,'28','28.08','Kab. Pulau Morotai','2015-10-01 11:44:21',1,'2015-10-01 11:44:21',1),(493,'28','28.09','Kab. Pulau Taliabu','2015-10-01 11:44:21',1,'2015-10-01 11:44:21',1),(494,'28','28.51','Kota Ternate','2015-10-01 11:44:21',1,'2015-10-01 11:44:21',1),(495,'28','28.52','Kota Tidore','2015-10-01 11:44:21',1,'2015-10-01 11:44:21',1),(496,'28','28.53','Kota Tidore Kepulauan','2015-10-01 11:44:21',1,'2015-10-01 11:44:21',1),(497,'29','29.01','Kab. Serang','2015-10-01 11:44:21',1,'2015-10-01 11:44:21',1),(498,'29','29.02','Kab. Pandeglang','2015-10-01 11:44:21',1,'2015-10-01 11:44:21',1),(499,'29','29.03','Kab. Lebak','2015-10-01 11:44:21',1,'2015-10-01 11:44:21',1),(500,'29','29.04','Kab. Tangerang','2015-10-01 11:44:21',1,'2015-10-01 11:44:21',1),(501,'29','29.51','Kota Tangerang','2015-10-01 11:44:21',1,'2015-10-01 11:44:21',1),(502,'29','29.52','Kota Cilegon','2015-10-01 11:44:21',1,'2015-10-01 11:44:21',1),(503,'29','29.53','Kota Serang','2015-10-01 11:44:21',1,'2015-10-01 11:44:21',1),(504,'29','29.54','Kota Tangerang  Selatan','2015-10-01 11:44:21',1,'2015-10-01 11:44:21',1),(505,'30','30.01','Kab. Belitung','2015-10-01 11:44:21',1,'2015-10-01 11:44:21',1),(506,'30','30.02','Kab. Bangka','2015-10-01 11:44:21',1,'2015-10-01 11:44:21',1),(507,'30','30.03','Kab. Bangka Barat','2015-10-01 11:44:22',1,'2015-10-01 11:44:22',1),(508,'30','30.04','Kab. Bangka Tengah','2015-10-01 11:44:22',1,'2015-10-01 11:44:22',1),(509,'30','30.05','Kab. Bangka Selatan','2015-10-01 11:44:22',1,'2015-10-01 11:44:22',1),(510,'30','30.06','Kab. Belitung Timur','2015-10-01 11:44:22',1,'2015-10-01 11:44:22',1),(511,'30','30.07','Kab. Sungai Liat','2015-10-01 11:44:22',1,'2015-10-01 11:44:22',1),(512,'30','30.51','Kota Pangkal Pinang','2015-10-01 11:44:22',1,'2015-10-01 11:44:22',1),(513,'31','31.01','Kab. Gorontalo','2015-10-01 11:44:22',1,'2015-10-01 11:44:22',1),(514,'31','31.02','Kab. Boalemo','2015-10-01 11:44:22',1,'2015-10-01 11:44:22',1),(515,'31','31.03','Kab. Pohuwato','2015-10-01 11:44:22',1,'2015-10-01 11:44:22',1),(516,'31','31.04','Kab. Bone Bolango','2015-10-01 11:44:22',1,'2015-10-01 11:44:22',1),(517,'31','31.05','Kab. Limboto','2015-10-01 11:44:22',1,'2015-10-01 11:44:22',1),(518,'31','31.06','Kab. Marisa','2015-10-01 11:44:22',1,'2015-10-01 11:44:22',1),(519,'31','31.07','Kab. Gorontalo Utara','2015-10-01 11:44:22',1,'2015-10-01 11:44:22',1),(520,'31','31.51','Kota Gorontalo','2015-10-01 11:44:22',1,'2015-10-01 11:44:22',1),(521,'32','32.01','Kab. Bintan','2015-10-01 11:44:22',1,'2015-10-01 11:44:22',1),(522,'32','32.02','Kab. Karimun','2015-10-01 11:44:22',1,'2015-10-01 11:44:22',1),(523,'32','32.03','Kab. Natuna','2015-10-01 11:44:22',1,'2015-10-01 11:44:22',1),(524,'32','32.04','Kab. Lingga','2015-10-01 11:44:22',1,'2015-10-01 11:44:22',1),(525,'32','32.05','Kab. Anambas','2015-10-01 11:44:22',1,'2015-10-01 11:44:22',1),(526,'32','32.06','Kab. Barelang','2015-10-01 11:44:22',1,'2015-10-01 11:44:22',1),(527,'32','32.07','Kab. Meranti','2015-10-01 11:44:22',1,'2015-10-01 11:44:22',1),(528,'32','32.51','Kota B A T A M','2015-10-01 11:44:22',1,'2015-10-01 11:44:22',1),(529,'32','32.52','Kota Tanjung Pinang','2015-10-01 11:44:22',1,'2015-10-01 11:44:22',1),(530,'33','33.01','Kab. Manokwari','2015-10-01 11:44:22',1,'2015-10-01 11:44:22',1),(531,'33','33.02','Kab. Sorong','2015-10-01 11:44:22',1,'2015-10-01 11:44:22',1),(532,'33','33.03','Kab. Fakfak','2015-10-01 11:44:23',1,'2015-10-01 11:44:23',1),(533,'33','33.04','Kab. Sorong Selatan','2015-10-01 11:44:23',1,'2015-10-01 11:44:23',1),(534,'33','33.05','Kab. Raja Ampat','2015-10-01 11:44:23',1,'2015-10-01 11:44:23',1),(535,'33','33.06','Kab. Teluk Bintuni','2015-10-01 11:44:23',1,'2015-10-01 11:44:23',1),(536,'33','33.07','Kab. Teluk Wondama','2015-10-01 11:44:23',1,'2015-10-01 11:44:23',1),(537,'33','33.08','Kab. Kaimana','2015-10-01 11:44:23',1,'2015-10-01 11:44:23',1),(538,'33','33.09','Kab. Tambrauw','2015-10-01 11:44:23',1,'2015-10-01 11:44:23',1),(539,'33','33.10','Kab. Maybrat','2015-10-01 11:44:23',1,'2015-10-01 11:44:23',1),(540,'33','33.11','Kab. Pegunungan Arfak','2015-10-01 11:44:23',1,'2015-10-01 11:44:23',1),(541,'33','33.12','Kab. Manokwari Selatan','2015-10-01 11:44:23',1,'2015-10-01 11:44:23',1),(542,'33','33.51','Kota Sorong','2015-10-01 11:44:23',1,'2015-10-01 11:44:23',1),(543,'34','34.01','Kab. Majene','2015-10-01 11:44:23',1,'2015-10-01 11:44:23',1),(544,'34','34.02','Kab. Mamuju','2015-10-01 11:44:23',1,'2015-10-01 11:44:23',1),(545,'34','34.03','Kab. Mamuju Utara','2015-10-01 11:44:23',1,'2015-10-01 11:44:23',1),(546,'34','34.04','Kab. Polewali Mandar','2015-10-01 11:44:23',1,'2015-10-01 11:44:23',1),(547,'34','34.05','Kab. Mamasa','2015-10-01 11:44:23',1,'2015-10-01 11:44:23',1),(548,'34','34.06','Kab. Mamuju Tengah','2015-10-01 11:44:23',1,'2015-10-01 11:44:23',1),(549,'34','34.51','Kota Mamuju','2015-10-01 11:44:23',1,'2015-10-01 11:44:23',1),(550,'35','35.01','Kab. Bulungan','2015-10-01 11:44:23',1,'2015-10-01 11:44:23',1),(551,'35','35.02','Kab. Nunukan','2015-10-01 11:44:23',1,'2015-10-01 11:44:23',1),(552,'35','35.03','Kab. Malinau','2015-10-01 11:44:23',1,'2015-10-01 11:44:23',1),(553,'35','35.04','Kab. Tana Tidung','2015-10-01 11:44:23',1,'2015-10-01 11:44:23',1),(554,'35','35.51','Kota Tarakan','2015-10-01 11:44:23',1,'2015-10-01 11:44:23',1);

/*Table structure for table `component` */

DROP TABLE IF EXISTS `component`;

CREATE TABLE `component` (
  `id` int(11) NOT NULL AUTO_INCREMENT,
  `code` varchar(256) NOT NULL,
  `satker_code` varchar(256) DEFAULT NULL,
  `activity_code` varchar(256) DEFAULT NULL,
  `output_code` varchar(256) DEFAULT NULL,
  `suboutput_code` varchar(256) NOT NULL,
  `name` varchar(256) NOT NULL,
  `created_at` datetime DEFAULT NULL,
  `created_by` int(11) DEFAULT NULL,
  `updated_at` datetime DEFAULT NULL,
  `updated_by` int(11) DEFAULT NULL,
  PRIMARY KEY (`id`),
  UNIQUE KEY `id` (`id`),
  KEY `FK_output_create` (`created_by`),
  KEY `FK_output` (`updated_by`),
  KEY `FK_output_activity` (`suboutput_code`)
) ENGINE=InnoDB AUTO_INCREMENT=120 DEFAULT CHARSET=latin1;

/*Data for the table `component` */

insert  into `component`(`id`,`code`,`satker_code`,`activity_code`,`output_code`,`suboutput_code`,`name`,`created_at`,`created_by`,`updated_at`,`updated_by`) values (1,'622280.2439.001.001.011','622280','622280.2439','622280.2439.001','622280.2439.001.001','Penyusunan Masukan Teknis SKKNI Keahlian Konstruksi','2015-10-01 11:33:15',1,'2015-10-01 11:33:15',1),(2,'622280.2439.001.001.012','622280','622280.2439','622280.2439.001','622280.2439.001.001','Penyusunan SKKNI Keahlian Konstruksi 5 Jabker','2015-10-01 11:33:15',1,'2015-10-01 11:33:15',1),(3,'622280.2439.007.001.011','622280','622280.2439','622280.2439.007','622280.2439.007.001','Penyusunan Masukan Teknis SKKNI Keterampilan Konstruksi','2015-10-01 11:33:15',1,'2015-10-01 11:33:15',1),(4,'622280.2439.010.001.011','622280','622280.2439','622280.2439.010','622280.2439.010.001','Pelelangan Revisi Modul','2015-10-01 11:33:15',1,'2015-10-01 11:33:15',1),(5,'622280.2439.010.001.012','622280','622280.2439','622280.2439.010','622280.2439.010.001','Penyusunan Revisi Modul','2015-10-01 11:33:15',1,'2015-10-01 11:33:15',1),(6,'622280.2439.011.001.011','622280','622280.2439','622280.2439.011','622280.2439.011.001','Publikasi dan Perlengkapan Peserta','2015-10-01 11:33:15',1,'2015-10-01 11:33:15',1),(7,'622280.2439.011.001.012','622280','622280.2439','622280.2439.011','622280.2439.011.001','Pelaksanaan MOT','2015-10-01 11:33:16',1,'2015-10-01 11:33:16',1),(8,'622280.2439.011.001.013','622280','622280.2439','622280.2439.011','622280.2439.011.001','Penyusunan Laporan MOT','2015-10-01 11:33:16',1,'2015-10-01 11:33:16',1),(9,'622280.2439.011.002.011','622280','622280.2439','622280.2439.011','622280.2439.011.002','Pelelangan Manajemen Pengendalian','2015-10-01 11:33:16',1,'2015-10-01 11:33:16',1),(10,'622280.2439.011.002.012','622280','622280.2439','622280.2439.011','622280.2439.011.002','Manajemen Pengendalian Pelatihan','2015-10-01 11:33:16',1,'2015-10-01 11:33:16',1),(11,'622280.2439.011.002.013','622280','622280.2439','622280.2439.011','622280.2439.011.002','Penyusunan Laporan','2015-10-01 11:33:16',1,'2015-10-01 11:33:16',1),(12,'622280.2439.011.003.011','622280','622280.2439','622280.2439.011','622280.2439.011.003','Persiapan Pembekalan','2015-10-01 11:33:16',1,'2015-10-01 11:33:16',1),(13,'622280.2439.011.003.012','622280','622280.2439','622280.2439.011','622280.2439.011.003','Pembekalan MTU','2015-10-01 11:33:16',1,'2015-10-01 11:33:16',1),(14,'622280.2439.011.003.013','622280','622280.2439','622280.2439.011','622280.2439.011.003','Penyusunan Laporan Pembekalan','2015-10-01 11:33:16',1,'2015-10-01 11:33:16',1),(15,'622280.2439.011.004.011','622280','622280.2439','622280.2439.011','622280.2439.011.004','Publikasi dan Material','2015-10-01 11:33:16',1,'2015-10-01 11:33:16',1),(16,'622280.2439.011.004.012','622280','622280.2439','622280.2439.011','622280.2439.011.004','Peningkatan Kemampuan SDM Jasa Konstruksi','2015-10-01 11:33:16',1,'2015-10-01 11:33:16',1),(17,'622280.2439.011.004.013','622280','622280.2439','622280.2439.011','622280.2439.011.004','Dokumentasi dan Penyusunan Laporan','2015-10-01 11:33:16',1,'2015-10-01 11:33:16',1),(18,'622280.2439.011.005.011','622280','622280.2439','622280.2439.011','622280.2439.011.005','Peningkatan Kapasitas Pembinaan Kompetensi dan Pelatihan Konstruksi','2015-10-01 11:33:16',1,'2015-10-01 11:33:16',1),(19,'622280.2439.015.001.011','622280','622280.2439','622280.2439.015','622280.2439.015.001','Penggandaan Materi','2015-10-01 11:33:16',1,'2015-10-01 11:33:16',1),(20,'622280.2439.015.001.012','622280','622280.2439','622280.2439.015','622280.2439.015.001','Penyusunan SAI dan BMN','2015-10-01 11:33:16',1,'2015-10-01 11:33:16',1),(21,'622280.2439.015.001.013','622280','622280.2439','622280.2439.015','622280.2439.015.001','Pembuatan Laporan SAK & Simak-BMN','2015-10-01 11:33:16',1,'2015-10-01 11:33:16',1),(22,'622280.2439.015.002.011','622280','622280.2439','622280.2439.015','622280.2439.015.002','Penggandaan Materi','2015-10-01 11:33:16',1,'2015-10-01 11:33:16',1),(23,'622280.2439.015.002.012','622280','622280.2439','622280.2439.015','622280.2439.015.002','Penyusunan LAKIP','2015-10-01 11:33:16',1,'2015-10-01 11:33:16',1),(24,'622280.2439.015.002.013','622280','622280.2439','622280.2439.015','622280.2439.015.002','Penggandaaan LAKIP','2015-10-01 11:33:16',1,'2015-10-01 11:33:16',1),(25,'622280.2439.016.001.011','622280','622280.2439','622280.2439.016','622280.2439.016.001','Penyiapan Bahan','2015-10-01 11:33:16',1,'2015-10-01 11:33:16',1),(26,'622280.2439.016.001.012','622280','622280.2439','622280.2439.016','622280.2439.016.001','Penyusunan Standar Biaya Pelatihan','2015-10-01 11:33:16',1,'2015-10-01 11:33:16',1),(27,'622280.2439.016.001.013','622280','622280.2439','622280.2439.016','622280.2439.016.001','Penggandaan Standar Biaya Pelatihan','2015-10-01 11:33:16',1,'2015-10-01 11:33:16',1),(28,'622280.2439.016.002.011','622280','622280.2439','622280.2439.016','622280.2439.016.002','Penyiapan Bahan','2015-10-01 11:33:16',1,'2015-10-01 11:33:16',1),(29,'622280.2439.016.002.012','622280','622280.2439','622280.2439.016','622280.2439.016.002','Penyusunan Evaluasi','2015-10-01 11:33:16',1,'2015-10-01 11:33:16',1),(30,'622280.2439.016.002.013','622280','622280.2439','622280.2439.016','622280.2439.016.002','Penggandaan Hasil Evaluasi','2015-10-01 11:33:16',1,'2015-10-01 11:33:16',1),(31,'622280.2439.016.003.011','622280','622280.2439','622280.2439.016','622280.2439.016.003','Penyiapan Bahan','2015-10-01 11:33:16',1,'2015-10-01 11:33:16',1),(32,'622280.2439.016.003.012','622280','622280.2439','622280.2439.016','622280.2439.016.003','Penyusunan Program Penyusunan Modul','2015-10-01 11:33:17',1,'2015-10-01 11:33:17',1),(33,'622280.2439.016.003.013','622280','622280.2439','622280.2439.016','622280.2439.016.003','Penggandaan Laporan','2015-10-01 11:33:17',1,'2015-10-01 11:33:17',1),(34,'622280.2439.016.004.011','622280','622280.2439','622280.2439.016','622280.2439.016.004','Pelelangan Kegiatan','2015-10-01 11:33:17',1,'2015-10-01 11:33:17',1),(35,'622280.2439.016.004.012','622280','622280.2439','622280.2439.016','622280.2439.016.004','Penyusunan Pengembangan Pembentukan Lembaga Pelatihan','2015-10-01 11:33:17',1,'2015-10-01 11:33:17',1),(36,'622280.2439.016.004.013','622280','622280.2439','622280.2439.016','622280.2439.016.004','Pelaporan','2015-10-01 11:33:17',1,'2015-10-01 11:33:17',1),(37,'622280.2439.016.005.011','622280','622280.2439','622280.2439.016','622280.2439.016.005','Penyiapan Bahan','2015-10-01 11:33:17',1,'2015-10-01 11:33:17',1),(38,'622280.2439.016.005.012','622280','622280.2439','622280.2439.016','622280.2439.016.005','Koordinasi Pengembangan Kerjasama','2015-10-01 11:33:17',1,'2015-10-01 11:33:17',1),(39,'622280.2439.016.005.013','622280','622280.2439','622280.2439.016','622280.2439.016.005','Penggandaan Laporan','2015-10-01 11:33:17',1,'2015-10-01 11:33:17',1),(40,'622280.2439.016.006.011','622280','622280.2439','622280.2439.016','622280.2439.016.006','Pelelangan Kegiatan','2015-10-01 11:33:17',1,'2015-10-01 11:33:17',1),(41,'622280.2439.016.006.012','622280','622280.2439','622280.2439.016','622280.2439.016.006','Penyusunan Rancangan RENSTRA','2015-10-01 11:33:17',1,'2015-10-01 11:33:17',1),(42,'622280.2439.016.006.013','622280','622280.2439','622280.2439.016','622280.2439.016.006','Pelaporan','2015-10-01 11:33:17',1,'2015-10-01 11:33:17',1),(43,'622280.2439.016.007.011','622280','622280.2439','622280.2439.016','622280.2439.016.007','Pelelangan Kegiatan','2015-10-01 11:33:17',1,'2015-10-01 11:33:17',1),(44,'622280.2439.016.007.012','622280','622280.2439','622280.2439.016','622280.2439.016.007','Evaluasi Manfaat Modul','2015-10-01 11:33:17',1,'2015-10-01 11:33:17',1),(45,'622280.2439.016.007.013','622280','622280.2439','622280.2439.016','622280.2439.016.007','Pelaporan','2015-10-01 11:33:17',1,'2015-10-01 11:33:17',1),(46,'622280.2439.016.008.011','622280','622280.2439','622280.2439.016','622280.2439.016.008','Pelelangan Kegiatan','2015-10-01 11:33:18',1,'2015-10-01 11:33:18',1),(47,'622280.2439.016.008.012','622280','622280.2439','622280.2439.016','622280.2439.016.008','Pengembangan Sarana dan Prasarana Balai Pelatihan Konstruksi','2015-10-01 11:33:18',1,'2015-10-01 11:33:18',1),(48,'622280.2439.016.008.013','622280','622280.2439','622280.2439.016','622280.2439.016.008','Pelaporan','2015-10-01 11:33:18',1,'2015-10-01 11:33:18',1),(49,'622280.2439.023.001.011','622280','622280.2439','622280.2439.023','622280.2439.023.001','Persiapan dan Pemutakhiran Data Dasar','2015-10-01 11:33:18',1,'2015-10-01 11:33:18',1),(50,'622280.2439.023.001.012','622280','622280.2439','622280.2439.023','622280.2439.023.001','Pencatatan dan Pemutakhiran Data Pelaksanaan','2015-10-01 11:33:18',1,'2015-10-01 11:33:18',1),(51,'622280.2439.023.001.013','622280','622280.2439','622280.2439.023','622280.2439.023.001','Penyusunan dan Pencetakan Laporan','2015-10-01 11:33:18',1,'2015-10-01 11:33:18',1),(52,'622280.2439.996.001.011','622280','622280.2439','622280.2439.996','622280.2439.996.001','Perangkat Pengolah Data dan Komunikasi','2015-10-01 11:33:18',1,'2015-10-01 11:33:18',1),(53,'622280.2439.996.002.011','622280','622280.2439','622280.2439.996','622280.2439.996.002','Perangkat Pengolah Data dan Komunikasi','2015-10-01 11:33:18',1,'2015-10-01 11:33:18',1),(54,'622280.2439.997.001.011','622280','622280.2439','622280.2439.997','622280.2439.997.001','Peralatan Dan Fasilitas Perkantoran','2015-10-01 11:33:18',1,'2015-10-01 11:33:18',1),(55,'622280.2439.997.002.011','622280','622280.2439','622280.2439.997','622280.2439.997.002','Peralatan Dan Fasilitas Perkantoran','2015-10-01 11:33:18',1,'2015-10-01 11:33:18',1),(56,'622280.2439.003.001.011','622280','622280.2439','622280.2439.003','622280.2439.003.001','Rapat Persiapan dan Publikasi','2015-10-01 11:33:18',1,'2015-10-01 11:33:18',1),(57,'622280.2439.003.001.012','622280','622280.2439','622280.2439.003','622280.2439.003.001','Sosialisasi dan Pelaksanaan MRA','2015-10-01 11:33:18',1,'2015-10-01 11:33:18',1),(58,'622280.2439.003.001.013','622280','622280.2439','622280.2439.003','622280.2439.003.001','Penggandaan Laporan MRA','2015-10-01 11:33:18',1,'2015-10-01 11:33:18',1),(59,'622280.2439.003.002.011','622280','622280.2439','622280.2439.003','622280.2439.003.002','Rapat Persiapan Penyusunan Program','2015-10-01 11:33:18',1,'2015-10-01 11:33:18',1),(60,'622280.2439.003.002.012','622280','622280.2439','622280.2439.003','622280.2439.003.002','Penyusunan Program Evaluasi','2015-10-01 11:33:18',1,'2015-10-01 11:33:18',1),(61,'622280.2439.003.002.013','622280','622280.2439','622280.2439.003','622280.2439.003.002','Penggandaan Laporan Evaluasi','2015-10-01 11:33:18',1,'2015-10-01 11:33:18',1),(62,'622280.2439.006.001.011','622280','622280.2439','622280.2439.006','622280.2439.006.001','Rapat Persiapan dan Survey','2015-10-01 11:33:18',1,'2015-10-01 11:33:18',1),(63,'622280.2439.006.001.012','622280','622280.2439','622280.2439.006','622280.2439.006.001','Penyusunan Peraturan Menteri','2015-10-01 11:33:18',1,'2015-10-01 11:33:18',1),(64,'622280.2439.006.001.013','622280','622280.2439','622280.2439.006','622280.2439.006.001','Penyusunan dan Penggandaan Laporan','2015-10-01 11:33:18',1,'2015-10-01 11:33:18',1),(65,'622280.2439.006.002.011','622280','622280.2439','622280.2439.006','622280.2439.006.002','Rapat Persiapan dan Survey','2015-10-01 11:33:18',1,'2015-10-01 11:33:18',1),(66,'622280.2439.006.002.012','622280','622280.2439','622280.2439.006','622280.2439.006.002','Penyusunan Peraturan Menteri','2015-10-01 11:33:18',1,'2015-10-01 11:33:18',1),(67,'622280.2439.006.002.013','622280','622280.2439','622280.2439.006','622280.2439.006.002','Penyusunan dan Penggandaan Laporan','2015-10-01 11:33:18',1,'2015-10-01 11:33:18',1),(68,'622280.2439.018.001.011','622280','622280.2439','622280.2439.018','622280.2439.018.001','Persiapan','2015-10-01 11:33:18',1,'2015-10-01 11:33:18',1),(69,'622280.2439.018.001.012','622280','622280.2439','622280.2439.018','622280.2439.018.001','Pelaksanaan','2015-10-01 11:33:18',1,'2015-10-01 11:33:18',1),(70,'622280.2439.018.001.013','622280','622280.2439','622280.2439.018','622280.2439.018.001','Pelaporan','2015-10-01 11:33:19',1,'2015-10-01 11:33:19',1),(71,'622280.2439.018.002.011','622280','622280.2439','622280.2439.018','622280.2439.018.002','Pengadaan Kendaraan Pendukung MTU','2015-10-01 11:33:19',1,'2015-10-01 11:33:19',1),(72,'622280.2439.018.002.012','622280','622280.2439','622280.2439.018','622280.2439.018.002','Pengadaan Kendaraan Pendukung MTU Tahap 2','2015-10-01 11:33:19',1,'2015-10-01 11:33:19',1),(73,'622280.2439.018.003.011','622280','622280.2439','622280.2439.018','622280.2439.018.003','Persiapan','2015-10-01 11:33:19',1,'2015-10-01 11:33:19',1),(74,'622280.2439.018.003.012','622280','622280.2439','622280.2439.018','622280.2439.018.003','Pelaksanaan','2015-10-01 11:33:19',1,'2015-10-01 11:33:19',1),(75,'622280.2439.018.003.013','622280','622280.2439','622280.2439.018','622280.2439.018.003','Pelaporan','2015-10-01 11:33:19',1,'2015-10-01 11:33:19',1),(76,'622280.2439.005.001.011','622280','622280.2439','622280.2439.005','622280.2439.005.001','Pelatihan Instruktur dan Asesor','2015-10-01 11:33:19',1,'2015-10-01 11:33:19',1),(77,'622280.2439.005.002.011','622280','622280.2439','622280.2439.005','622280.2439.005.002','Pelatihan Instruktur dan Asesor','2015-10-01 11:33:19',1,'2015-10-01 11:33:19',1),(78,'622280.2439.005.003.011','622280','622280.2439','622280.2439.005','622280.2439.005.003','Pelatihan Instruktur dan Asesor','2015-10-01 11:33:19',1,'2015-10-01 11:33:19',1),(79,'622280.2439.005.004.011','622280','622280.2439','622280.2439.005','622280.2439.005.004','Pelatihan Instruktur dan Asesor','2015-10-01 11:33:19',1,'2015-10-01 11:33:19',1),(80,'622280.2439.005.005.011','622280','622280.2439','622280.2439.005','622280.2439.005.005','Pelatihan Instruktur dan Asesor','2015-10-01 11:33:19',1,'2015-10-01 11:33:19',1),(81,'622280.2439.005.006.011','622280','622280.2439','622280.2439.005','622280.2439.005.006','Pelatihan Instruktur dan Asesor','2015-10-01 11:33:19',1,'2015-10-01 11:33:19',1),(82,'622280.2439.005.007.011','622280','622280.2439','622280.2439.005','622280.2439.005.007','Pelatihan Instruktur dan Asesor','2015-10-01 11:33:19',1,'2015-10-01 11:33:19',1),(83,'622280.2439.005.008.011','622280','622280.2439','622280.2439.005','622280.2439.005.008','Pelatihan Instruktur dan Asesor','2015-10-01 11:33:19',1,'2015-10-01 11:33:19',1),(84,'622280.2439.005.009.011','622280','622280.2439','622280.2439.005','622280.2439.005.009','Pelatihan Instruktur dan Asesor','2015-10-01 11:33:19',1,'2015-10-01 11:33:19',1),(85,'622280.2439.009.001.011','622280','622280.2439','622280.2439.009','622280.2439.009.001','Rapat Persiapan','2015-10-01 11:33:19',1,'2015-10-01 11:33:19',1),(86,'622280.2439.009.001.012','622280','622280.2439','622280.2439.009','622280.2439.009.001','Penyusunan Direktori','2015-10-01 11:33:19',1,'2015-10-01 11:33:19',1),(87,'622280.2439.009.001.013','622280','622280.2439','622280.2439.009','622280.2439.009.001','Penyusunan Laporan','2015-10-01 11:33:19',1,'2015-10-01 11:33:19',1),(88,'622280.2439.009.002.011','622280','622280.2439','622280.2439.009','622280.2439.009.002','Rapat Persiapan','2015-10-01 11:33:19',1,'2015-10-01 11:33:19',1),(89,'622280.2439.009.002.012','622280','622280.2439','622280.2439.009','622280.2439.009.002','Penyusunan Pedoman','2015-10-01 11:33:19',1,'2015-10-01 11:33:19',1),(90,'622280.2439.009.002.013','622280','622280.2439','622280.2439.009','622280.2439.009.002','Penyusunan Laporan','2015-10-01 11:33:19',1,'2015-10-01 11:33:19',1),(91,'622280.2439.009.003.011','622280','622280.2439','622280.2439.009','622280.2439.009.003','Persiapan Kegiatan Pembinaan','2015-10-01 11:33:19',1,'2015-10-01 11:33:19',1),(92,'622280.2439.009.003.012','622280','622280.2439','622280.2439.009','622280.2439.009.003','Pembinaan Kapasitas Instrukstur dan Asesor','2015-10-01 11:33:19',1,'2015-10-01 11:33:19',1),(93,'622280.2439.009.003.013','622280','622280.2439','622280.2439.009','622280.2439.009.003','Penyusunan Laporan','2015-10-01 11:33:19',1,'2015-10-01 11:33:19',1),(94,'622280.2439.009.003.014','622280','622280.2439','622280.2439.009','622280.2439.009.003','Koordinasi Kerjasama Pelatihan Dan Sertifikasi Tenaga Kerja Konstruksi','2015-10-01 11:33:19',1,'2015-10-01 11:33:19',1),(95,'622280.2439.004.001.011','622280','622280.2439','622280.2439.004','622280.2439.004.001','Pelelangan Revisi Modul','2015-10-01 11:33:20',1,'2015-10-01 11:33:20',1),(96,'622280.2439.004.001.012','622280','622280.2439','622280.2439.004','622280.2439.004.001','Penyusunan Revisi Modul','2015-10-01 11:33:20',1,'2015-10-01 11:33:20',1),(97,'622280.2439.004.002.011','622280','622280.2439','622280.2439.004','622280.2439.004.002','Pelelangan Revisi Modul','2015-10-01 11:33:20',1,'2015-10-01 11:33:20',1),(98,'622280.2439.004.002.012','622280','622280.2439','622280.2439.004','622280.2439.004.002','Penyusunan Revisi Modul','2015-10-01 11:33:20',1,'2015-10-01 11:33:20',1),(99,'622280.2439.004.003.011','622280','622280.2439','622280.2439.004','622280.2439.004.003','Persiapan Penyusunan Modul','2015-10-01 11:33:20',1,'2015-10-01 11:33:20',1),(100,'622280.2439.004.003.012','622280','622280.2439','622280.2439.004','622280.2439.004.003','Penyusunan Modul','2015-10-01 11:33:20',1,'2015-10-01 11:33:20',1),(101,'622280.2439.004.003.013','622280','622280.2439','622280.2439.004','622280.2439.004.003','Penggandaan Laporan dan Modul','2015-10-01 11:33:20',1,'2015-10-01 11:33:20',1),(102,'622280.2439.994.001.001','622280','622280.2439','622280.2439.994','622280.2439.994.001','Pembayaran Gaji dan Tunjangan','2015-10-01 11:33:20',1,'2015-10-01 11:33:20',1),(103,'622280.2439.994.001.002','622280','622280.2439','622280.2439.994','622280.2439.994.001','Penyelenggaraan Operasional dan Pemeliharaan Perkantoran','2015-10-01 11:33:20',1,'2015-10-01 11:33:20',1),(104,'622280.2439.994.002.001','622280','622280.2439','622280.2439.994','622280.2439.994.002','Pembayaran Gaji dan Tunjangan','2015-10-01 11:33:20',1,'2015-10-01 11:33:20',1),(105,'622280.2439.994.002.002','622280','622280.2439','622280.2439.994','622280.2439.994.002','Penyelenggaraan Operasional dan Pemeliharaan Perkantoran','2015-10-01 11:33:20',1,'2015-10-01 11:33:20',1),(106,'622280.2439.008.001.011','622280','622280.2439','622280.2439.008','622280.2439.008.001','Manajemen Pelaksanaan Pelatihan','2015-10-01 11:33:20',1,'2015-10-01 11:33:20',1),(107,'622280.2439.008.001.012','622280','622280.2439','622280.2439.008','622280.2439.008.001','Pelatihan Keterampilan','2015-10-01 11:33:20',1,'2015-10-01 11:33:20',1),(108,'622280.2439.008.002.011','622280','622280.2439','622280.2439.008','622280.2439.008.002','Pelatihan Asesor Badan Usaha','2015-10-01 11:33:20',1,'2015-10-01 11:33:20',1),(109,'622280.2439.008.003.012','622280','622280.2439','622280.2439.008','622280.2439.008.003','Pelatihan Keterampilan','2015-10-01 11:33:20',1,'2015-10-01 11:33:20',1),(110,'622280.2439.008.004.011','622280','622280.2439','622280.2439.008','622280.2439.008.004','Manajemen Pelaksanaan Pelatihan','2015-10-01 11:33:20',1,'2015-10-01 11:33:20',1),(111,'622280.2439.008.004.012','622280','622280.2439','622280.2439.008','622280.2439.008.004','Pelatihan Keterampilan','2015-10-01 11:33:20',1,'2015-10-01 11:33:20',1),(112,'622280.2439.014.001.011','622280','622280.2439','622280.2439.014','622280.2439.014.001','Perumusan Kebijakan','2015-10-01 11:33:20',1,'2015-10-01 11:33:20',1),(113,'622280.2439.014.001.012','622280','622280.2439','622280.2439.014','622280.2439.014.001','Manajemen Pelaksanaan Kebijakan','2015-10-01 11:33:20',1,'2015-10-01 11:33:20',1),(114,'622280.2439.014.001.013','622280','622280.2439','622280.2439.014','622280.2439.014.001','Pengendalian Evalusi Dan Pelaporan','2015-10-01 11:33:20',1,'2015-10-01 11:33:20',1),(115,'622280.2439.014.001.014','622280','622280.2439','622280.2439.014','622280.2439.014.001','Sekretariat Pelatihan Strategis','2015-10-01 11:33:20',1,'2015-10-01 11:33:20',1),(116,'622280.2439.014.001.015','622280','622280.2439','622280.2439.014','622280.2439.014.001','Sosialisasi dan Pembinaan Kompetensi dan Pelatihan Konstruksi','2015-10-01 11:33:20',1,'2015-10-01 11:33:20',1),(117,'622280.2439.014.001.016','622280','622280.2439','622280.2439.014','622280.2439.014.001','Pengembangan Komunikasi dan Kerjasama','2015-10-01 11:33:20',1,'2015-10-01 11:33:20',1),(118,'622280.2439.014.001.017','622280','622280.2439','622280.2439.014','622280.2439.014.001','Pelatihan Asesor Badan Usaha','2015-10-01 11:33:20',1,'2015-10-01 11:33:20',1),(119,'622280.2439.014.001.018','622280','622280.2439','622280.2439.014','622280.2439.014.001','Kerjasama dengan India','2015-10-01 11:33:20',1,'2015-10-01 11:33:20',1);

/*Table structure for table `dipa` */

DROP TABLE IF EXISTS `dipa`;

CREATE TABLE `dipa` (
  `id` int(11) NOT NULL AUTO_INCREMENT,
  `budget_year` year(4) NOT NULL COMMENT 'Tahun Anggaran',
  `dipa_number` varchar(256) NOT NULL,
  `dipa_date` date DEFAULT NULL,
  `type` enum('DIPA','POK') DEFAULT NULL,
  `created_at` datetime DEFAULT NULL,
  `created_by` int(11) DEFAULT NULL,
  `updated_at` datetime DEFAULT NULL,
  `updated_by` int(11) DEFAULT NULL,
  PRIMARY KEY (`id`),
  KEY `FK_anggaran_create` (`created_by`),
  KEY `FK_anggaran_update` (`updated_by`)
) ENGINE=InnoDB AUTO_INCREMENT=2 DEFAULT CHARSET=latin1;

/*Data for the table `dipa` */

insert  into `dipa`(`id`,`budget_year`,`dipa_number`,`dipa_date`,`type`,`created_at`,`created_by`,`updated_at`,`updated_by`) values (1,2014,'DIPA 1','2015-09-29','DIPA','2015-09-29 14:06:30',1,'2015-09-29 14:06:30',1);

/*Table structure for table `error_dipa` */

DROP TABLE IF EXISTS `error_dipa`;

CREATE TABLE `error_dipa` (
  `id` int(11) NOT NULL AUTO_INCREMENT,
  `code` varchar(256) NOT NULL COMMENT 'Kode Grup Error',
  `budget_year` year(4) DEFAULT NULL COMMENT 'Tahun Anggaran',
  `satker_code` varchar(256) DEFAULT NULL COMMENT 'Kode Satker',
  `activity_code` varchar(256) DEFAULT NULL COMMENT 'Kode Kegiatan',
  `output_code` varchar(256) DEFAULT NULL COMMENT 'Kode Output',
  `suboutput_code` varchar(256) DEFAULT NULL COMMENT 'Kode Suboutput',
  `component_code` varchar(256) DEFAULT NULL COMMENT 'Kode Komponen',
  `subcomponent_code` varchar(256) DEFAULT NULL COMMENT 'Kode Subkomponen',
  `account_code` varchar(256) DEFAULT NULL COMMENT 'Kode Akun',
  `total_budget_limit` double DEFAULT NULL COMMENT 'Total Anggaran',
  `description` text COMMENT 'Keterangan Error',
  PRIMARY KEY (`id`),
  UNIQUE KEY `id` (`id`)
) ENGINE=InnoDB DEFAULT CHARSET=latin1;

/*Data for the table `error_dipa` */

/*Table structure for table `error_dipa_completeness` */

DROP TABLE IF EXISTS `error_dipa_completeness`;

CREATE TABLE `error_dipa_completeness` (
  `id` int(11) NOT NULL AUTO_INCREMENT COMMENT 'ID',
  `code` varchar(256) NOT NULL COMMENT 'Kode Subkomponen',
  `description` text NOT NULL COMMENT 'Keterangan',
  PRIMARY KEY (`id`)
) ENGINE=InnoDB DEFAULT CHARSET=latin1;

/*Data for the table `error_dipa_completeness` */

/*Table structure for table `error_realization` */

DROP TABLE IF EXISTS `error_realization`;

CREATE TABLE `error_realization` (
  `id` int(11) NOT NULL AUTO_INCREMENT,
  `packageAccount_code` varchar(256) DEFAULT NULL,
  `package_code` varchar(256) DEFAULT NULL,
  `up_ls` enum('UP','LS') DEFAULT NULL COMMENT 'UP/LS',
  `spm_number` varchar(256) DEFAULT NULL,
  `spm_date` date DEFAULT NULL,
  `total_spm` double DEFAULT NULL,
  `ppn` double DEFAULT NULL,
  `pph` double DEFAULT NULL,
  `receiver` enum('Bendahara','Penyedia Jasa') DEFAULT NULL,
  `nrk` varchar(256) DEFAULT NULL COMMENT 'Nomor Register Kontrak',
  `nrs` varchar(256) DEFAULT NULL COMMENT 'Nomor Register Suplier',
  `description` text NOT NULL COMMENT 'Keterangan',
  PRIMARY KEY (`id`)
) ENGINE=InnoDB DEFAULT CHARSET=latin1;

/*Data for the table `error_realization` */

/*Table structure for table `financial_data` */

DROP TABLE IF EXISTS `financial_data`;

CREATE TABLE `financial_data` (
  `id` int(11) NOT NULL AUTO_INCREMENT,
  `spm_type_code` varchar(256) NOT NULL,
  `payment_type_code` varchar(256) NOT NULL,
  `payment_method_code` varchar(256) DEFAULT NULL,
  `created_at` datetime DEFAULT NULL,
  `created_by` int(11) DEFAULT NULL,
  `updated_at` datetime DEFAULT NULL,
  `updated_by` int(11) DEFAULT NULL,
  PRIMARY KEY (`id`)
) ENGINE=InnoDB DEFAULT CHARSET=latin1;

/*Data for the table `financial_data` */

/*Table structure for table `group` */

DROP TABLE IF EXISTS `group`;

CREATE TABLE `group` (
  `id` int(11) NOT NULL AUTO_INCREMENT,
  `name` varchar(128) NOT NULL,
  PRIMARY KEY (`id`)
) ENGINE=InnoDB AUTO_INCREMENT=5 DEFAULT CHARSET=latin1;

/*Data for the table `group` */

insert  into `group`(`id`,`name`) values (1,'super-admin'),(2,'administrator'),(3,'eksekutif'),(4,'operator');

/*Table structure for table `group_auth` */

DROP TABLE IF EXISTS `group_auth`;

CREATE TABLE `group_auth` (
  `id` int(11) NOT NULL AUTO_INCREMENT,
  `className` varchar(256) NOT NULL,
  `action` varchar(256) NOT NULL,
  `group_id` int(11) DEFAULT NULL,
  PRIMARY KEY (`id`),
  UNIQUE KEY `id` (`id`),
  KEY `FK_group_auth_group` (`group_id`),
  CONSTRAINT `group_auth_ibfk_1` FOREIGN KEY (`group_id`) REFERENCES `group` (`id`) ON DELETE CASCADE
) ENGINE=InnoDB AUTO_INCREMENT=65 DEFAULT CHARSET=latin1;

/*Data for the table `group_auth` */

insert  into `group_auth`(`id`,`className`,`action`,`group_id`) values (1,'activity','index,create,view,update,delete,admin,editable,import',1),(2,'package','index,create,view,update,delete,admin,editable',1),(3,'post','index,create,view,update,delete,admin,editable',1),(4,'comment','index,create,view,update,delete,admin,editable',1),(5,'payment-method','index,create,view,update,delete,admin,editable',1),(6,'satker','index,create,view,update,delete,admin,editable,import',1),(7,'account','index,create,view,update,delete,admin,editable,import',1),(8,'output','index,create,view,update,delete,admin,editable,import',1),(9,'payment-type','index,create,view,update,delete,admin,editable',1),(10,'ppk','index,create,view,update,delete',1),(11,'spm-type','index,create,view,update,delete,admin,editable',1),(12,'suboutput','index,create,view,update,delete,admin,editable,import',1),(13,'component','index,create,view,update,delete,admin,editable,import',1),(14,'subcomponent','index,create,view,update,delete,admin,editable,import',1),(15,'dipa','index,create,view,update,delete,admin,editable,import',1),(16,'budget','index,create,view,update,delete,admin,editable,import',1),(17,'budget-year','index,create,view,update,delete,admin,editable,import',1),(18,'up','index,create,view,update,delete,admin,editable',1),(19,'realization','index,create,view,update,delete,admin,editable',1),(20,'nrs','index,create,view,update,delete,admin,editable',1),(21,'nrk','index,create,view,update,delete,admin,editable',1),(22,'province','index,create,view,update,delete,admin,editable,import',1),(23,'city','index,create,view,update,delete,admin,editable,import',1),(24,'nrk-detail','index,create,view,update,delete,admin',1),(25,'up-detail','index,create,view,update,delete,admin',1),(26,'up','index,create,view,update,delete,admin',2),(27,'nrs','index,create,view,update,delete,admin',2),(28,'nrk','index,create,view,update,delete,admin',2),(29,'package','index,create,view,update,delete,admin',2),(30,'realization','index,create,view,update,delete,admin',2),(31,'dashboard','mainChart,logout,satkerChart,activityChart,outputChart,suboutputChart,componentChart,subcomponentChart,ppkChart,ppkActivityChart,accountChart',1),(32,'dashboard','mainChart,logout,satkerChart,activityChart,outputChart,suboutputChart,logout,satkerChart,activityChart,outputChart,suboutputChart,componentChart,subcomponentChart,ppkChart,ppkActivityChart,accountChart',2),(33,'dashboard','mainChart,logout,satkerChart,activityChart,outputChart,suboutputChart,logout,satkerChart,activityChart,outputChart,suboutputChart,componentChart,subcomponentChart,ppkChart,ppkActivityChart,accountChart',3),(34,'user','profile,update,updatePassword,updateAuth,admin,create,delete',1),(35,'user','profile,update,updatePassword, updateAuth,delete,admin,create',2),(36,'user','profile,update,updatePassword',3),(37,'user','profile,update,updatePassword,updateAuth,admin,create,delete',4),(38,'activity','index,create,view,update,delete,admin,editable,import',4),(39,'package','index,create,view,update,delete,admin,editable,import',4),(40,'payment-method','index,create,view,update,delete,admin,editable,import',4),(41,'payment-type','index,create,view,update,delete,admin,editable,import',4),(42,'satker','index,create,view,update,delete,admin,editable,import',4),(43,'account','index,create,view,update,delete,admin,editable,import',4),(44,'output','index,create,view,update,delete,admin,editable,import',4),(45,'suboutput','index,create,view,update,delete,admin,editable,import',4),(46,'nrs','index,create,view,update,delete,admin,editable,import',4),(47,'nrk','index,create,view,update,delete,admin,editable,import',4),(48,'component','index,create,view,update,delete,admin,editable,import',4),(49,'subcomponent','index,create,view,update,delete,admin,editable,import',4),(50,'ppk','index,create,view,update,delete,admin,editable,import',4),(51,'spm-type','index,create,view,update,delete,admin,editable,import',4),(52,'dipa','index,create,view,update,delete,admin,editable,import',4),(53,'budget','index,create,view,update,delete,admin,editable,import',4),(54,'up','index,create,view,update,delete,admin,editable,import',4),(55,'realization','index,create,view,update,delete,admin,editable,import',4),(56,'nrk-detail','index,create,view,update,delete,admin,editable,import',4),(57,'up-detail','index,create,view,update,delete,admin,editable,import',4),(58,'province','index,create,view,update,delete,admin,editable,import',4),(59,'city','index,create,view,update,delete,admin,editable,import',4),(60,'dashboard','mainChart,logout,satkerChart,activityChart,outputChart,suboutputChart,logout,satkerChart,activityChart,outputChart,suboutputChart,componentChart,subcomponentChart,ppkChart,ppkActivityChart,accountChart',4),(61,'package-account','index,create,view,update,delete,admin',4),(62,'package-account','index,create,view,update,delete,admin',3),(63,'package-account','index,create,view,update,delete,admin',2),(64,'package-account','index,create,view,update,delete,admin',1);

/*Table structure for table `migration` */

DROP TABLE IF EXISTS `migration`;

CREATE TABLE `migration` (
  `version` varchar(180) NOT NULL,
  `apply_time` int(11) DEFAULT NULL,
  PRIMARY KEY (`version`)
) ENGINE=InnoDB DEFAULT CHARSET=latin1;

/*Data for the table `migration` */

/*Table structure for table `nrk` */

DROP TABLE IF EXISTS `nrk`;

CREATE TABLE `nrk` (
  `id` int(11) NOT NULL AUTO_INCREMENT,
  `nrk` varchar(256) NOT NULL,
  `contract_number` varchar(256) NOT NULL,
  `contract_date` date DEFAULT NULL,
  `limit` double DEFAULT NULL,
  `created_at` datetime DEFAULT NULL,
  `created_by` int(11) DEFAULT NULL,
  `updated_at` datetime DEFAULT NULL,
  `updated_by` int(11) DEFAULT NULL,
  PRIMARY KEY (`id`),
  KEY `FK_nrk_created` (`created_by`),
  KEY `FK_nrk_update` (`updated_by`)
) ENGINE=InnoDB DEFAULT CHARSET=latin1;

/*Data for the table `nrk` */

/*Table structure for table `nrk_detail` */

DROP TABLE IF EXISTS `nrk_detail`;

CREATE TABLE `nrk_detail` (
  `id` int(11) NOT NULL AUTO_INCREMENT,
  `nrk_register` varchar(256) DEFAULT NULL,
  `nrk_contract_number` varchar(256) DEFAULT NULL,
  `termin` enum('1','2','3','4','5','6','7','8','9','10','11','12') DEFAULT NULL,
  `limit_per_termin` double DEFAULT NULL,
  `created_at` datetime DEFAULT NULL,
  `created_by` int(11) DEFAULT NULL,
  `updated_at` datetime DEFAULT NULL,
  `updated_by` int(11) DEFAULT NULL,
  PRIMARY KEY (`id`),
  UNIQUE KEY `id` (`id`),
  KEY `FK_nrk_detail_created` (`created_by`),
  KEY `FK_nrk_detail_updated` (`updated_by`)
) ENGINE=InnoDB DEFAULT CHARSET=latin1;

/*Data for the table `nrk_detail` */

/*Table structure for table `nrs` */

DROP TABLE IF EXISTS `nrs`;

CREATE TABLE `nrs` (
  `id` int(11) NOT NULL AUTO_INCREMENT,
  `nrs` varchar(256) NOT NULL,
  `supplier_name` varchar(256) NOT NULL,
  `npwp` varchar(256) DEFAULT NULL,
  `bank_name` varchar(256) DEFAULT NULL,
  `bank_account_number` varchar(256) DEFAULT NULL,
  `created_at` datetime DEFAULT NULL,
  `created_by` int(11) DEFAULT NULL,
  `updated_at` datetime DEFAULT NULL,
  `updated_by` int(11) DEFAULT NULL,
  PRIMARY KEY (`id`)
) ENGINE=InnoDB DEFAULT CHARSET=latin1;

/*Data for the table `nrs` */

/*Table structure for table `output` */

DROP TABLE IF EXISTS `output`;

CREATE TABLE `output` (
  `id` int(11) NOT NULL AUTO_INCREMENT,
  `code` varchar(256) NOT NULL,
  `satker_code` varchar(256) DEFAULT NULL,
  `activity_code` varchar(256) NOT NULL,
  `name` varchar(256) NOT NULL,
  `created_at` datetime DEFAULT NULL,
  `created_by` int(11) DEFAULT NULL,
  `updated_at` datetime DEFAULT NULL,
  `updated_by` int(11) DEFAULT NULL,
  PRIMARY KEY (`id`),
  UNIQUE KEY `id` (`id`),
  KEY `FK_output_create` (`created_by`),
  KEY `FK_output` (`updated_by`),
  KEY `FK_output_activity` (`activity_code`)
) ENGINE=InnoDB AUTO_INCREMENT=25 DEFAULT CHARSET=latin1 CHECKSUM=1 DELAY_KEY_WRITE=1 ROW_FORMAT=DYNAMIC;

/*Data for the table `output` */

insert  into `output`(`id`,`code`,`satker_code`,`activity_code`,`name`,`created_at`,`created_by`,`updated_at`,`updated_by`) values (1,'622280.2439.001','622280','622280.2439','Pembinaan Standar Kompetensi Kerja Nasional Indonesia (SKKNI) keahlian konstruksi','2015-10-01 11:21:51',1,'2015-10-01 11:21:51',1),(2,'622280.2439.002','622280','622280.2439','Penyelenggaraan pelatihan keahlian konstruksi.','2015-10-01 11:21:51',1,'2015-10-01 11:21:51',1),(3,'622280.2439.003','622280','622280.2439','Penyusunan program pelatihan dan kerjasama keahlian konstruksi (MRA)','2015-10-01 11:21:51',1,'2015-10-01 11:21:51',1),(4,'622280.2439.004','622280','622280.2439','Penyusunan kurikulum dan silabus pelatihan keahlian konstruksi','2015-10-01 11:21:51',1,'2015-10-01 11:21:51',1),(5,'622280.2439.005','622280','622280.2439','Penyelenggaraan pelatihan untuk calon pelatih (TOT) dan asesor tenaga ahli konstruksi.','2015-10-01 11:21:51',1,'2015-10-01 11:21:51',1),(6,'622280.2439.006','622280','622280.2439','Produk pengaturan pembinaan kompetensi dan pelatihan konstruksi','2015-10-01 11:21:51',1,'2015-10-01 11:21:51',1),(7,'622280.2439.007','622280','622280.2439','Pembinaan Standar Kompetensi Kerja Nasional Indonesia (SKKNI) keterampilan konstruksi','2015-10-01 11:21:51',1,'2015-10-01 11:21:51',1),(8,'622280.2439.008','622280','622280.2439','Kegiatan pelatihan keterampilan tukang, teknisi peralatan dan perbengkelan jasa konstruksi','2015-10-01 11:21:51',1,'2015-10-01 11:21:51',1),(9,'622280.2439.009','622280','622280.2439','Jumlah Penyusunan program pelatihan manajemen teknik (teknisi) konstruksi, peralatan dan perbengkelan, serta program pelatihan keterampilan konstruksi\n','2015-10-01 11:21:51',1,'2015-10-01 11:21:51',1),(10,'622280.2439.010','622280','622280.2439','Penyusunan kurikulum dan silabus pelatihan manajemen teknik (teknisi) konstruksi dan pelatihan keterampilan konstruksi','2015-10-01 11:21:52',1,'2015-10-01 11:21:52',1),(11,'622280.2439.011','622280','622280.2439','Pembinaan kapasitas lembaga diklat daerah/provinsi.','2015-10-01 11:21:52',1,'2015-10-01 11:21:52',1),(12,'622280.2439.012','622280','622280.2439','Kerjasama pelatihan/sertifikasi keterampilan konstruksi dengan SMK dan institusi pendidikan vokasional (diploma)','2015-10-01 11:21:52',1,'2015-10-01 11:21:52',1),(13,'622280.2439.013','622280','622280.2439','Kerjasama pelatihan/sertifikasi keterampilan konstruksi dengan institusi diklat swasta/masyarakat jasa konstruksi','2015-10-01 11:21:52',1,'2015-10-01 11:21:52',1),(14,'622280.2439.014','622280','622280.2439','Revitalisasi balai peningkatan kemampuan dan kompetensi konstruksi','2015-10-01 11:21:52',1,'2015-10-01 11:21:52',1),(15,'622280.2439.015','622280','622280.2439','Jumlah pemantauan, evaluasi, dan pelaporan pembinaan kompetensi dan pelatihan konstruksi','2015-10-01 11:21:52',1,'2015-10-01 11:21:52',1),(16,'622280.2439.016','622280','622280.2439','Produk kajian pembinaan kompetensi dan pelatihan konstruksi','2015-10-01 11:21:52',1,'2015-10-01 11:21:52',1),(17,'622280.2439.018','622280','622280.2439','Pengadaan Sarana dan Prasarana BP Konstruksi','2015-10-01 11:21:52',1,'2015-10-01 11:21:52',1),(18,'622280.2439.020','622280','622280.2439','Sistem Pelaporan secara Elektronik (e-Monitoring) Satker Kem.  PU II (Jmlh Paket 11 - 20)','2015-10-01 11:21:52',1,'2015-10-01 11:21:52',1),(19,'622280.2439.021','622280','622280.2439','Sistem Pelaporan secara Elektronik (e-Monitoring) Satker Kem.  PU III (Jmlh Paket 21 - 40)','2015-10-01 11:21:52',1,'2015-10-01 11:21:52',1),(20,'622280.2439.023','622280','622280.2439','Sistem Pelaporan secara Elektronik (e-Monitoring) Satker Kem.  PU V (Jmlh Paket >  60)','2015-10-01 11:21:52',1,'2015-10-01 11:21:52',1),(21,'622280.2439.994','622280','622280.2439','Layanan Perkantoran','2015-10-01 11:21:52',1,'2015-10-01 11:21:52',1),(22,'622280.2439.995','622280','622280.2439','Kendaraan Bermotor','2015-10-01 11:21:52',1,'2015-10-01 11:21:52',1),(23,'622280.2439.996','622280','622280.2439','Perangkat Pengolah Data dan Komunikasi','2015-10-01 11:21:52',1,'2015-10-01 11:21:52',1),(24,'622280.2439.997','622280','622280.2439','Peralatan dan Fasilitas Perkantoran','2015-10-01 11:21:52',1,'2015-10-01 11:21:52',1);

/*Table structure for table `package` */

DROP TABLE IF EXISTS `package`;

CREATE TABLE `package` (
  `id` int(11) NOT NULL AUTO_INCREMENT,
  `code` varchar(256) DEFAULT NULL,
  `satker_code` varchar(256) DEFAULT NULL,
  `activity_code` varchar(256) DEFAULT NULL,
  `output_code` varchar(256) DEFAULT NULL,
  `suboutput_code` varchar(256) DEFAULT NULL,
  `component_code` varchar(256) DEFAULT NULL,
  `name` varchar(256) DEFAULT NULL,
  `province_code` varchar(256) DEFAULT NULL,
  `city_code` varchar(256) DEFAULT NULL,
  `ppk_code` varchar(256) DEFAULT NULL,
  `limit` double DEFAULT NULL,
  `created_at` datetime DEFAULT NULL,
  `created_by` int(11) DEFAULT NULL,
  `updated_at` datetime DEFAULT NULL,
  `updated_by` int(11) DEFAULT NULL,
  PRIMARY KEY (`id`),
  KEY `FK_package_create` (`created_by`),
  KEY `FK_package_update` (`updated_by`)
) ENGINE=InnoDB AUTO_INCREMENT=4 DEFAULT CHARSET=latin1;

/*Data for the table `package` */

insert  into `package`(`id`,`code`,`satker_code`,`activity_code`,`output_code`,`suboutput_code`,`component_code`,`name`,`province_code`,`city_code`,`ppk_code`,`limit`,`created_at`,`created_by`,`updated_at`,`updated_by`) values (1,'622280.2439.011.003.011.A','622280','622280.2439','622280.2439.011','622280.2439.011.003','622280.2439.011.003.011','Rapat Koordinasi Persiapan Pelaksanaan Pelatihan Konstruksi Keliling (MTU) bagi Tenaga Kerja Konstruksi Indonesia','01','01.54','01',NULL,'2015-09-29 14:09:47',1,'2015-09-29 14:09:47',1),(2,'622280.2439.011.003.011.B','622280','622280.2439','622280.2439.011','622280.2439.011.003','622280.2439.011.003.011','Koordinasi Mobilisasi Mobile Training Unit (MTU)','01','01.54','02',NULL,'2015-09-29 14:09:48',1,'2015-09-29 14:09:48',1),(3,'622280.2439.011.003.011.C','622280','622280.2439','622280.2439.011','622280.2439.011.003','622280.2439.011.003.011','Pembekalan Instruktur dan Teknisi Operator MTU','01','01.51','01',NULL,'2015-10-01 15:05:53',1,'2015-10-01 15:05:53',1);

/*Table structure for table `package_account` */

DROP TABLE IF EXISTS `package_account`;

CREATE TABLE `package_account` (
  `id` int(11) NOT NULL AUTO_INCREMENT,
  `code` varchar(256) DEFAULT NULL,
  `satker_code` varchar(256) DEFAULT NULL,
  `activity_code` varchar(256) DEFAULT NULL,
  `output_code` varchar(256) DEFAULT NULL,
  `suboutput_code` varchar(256) DEFAULT NULL,
  `component_code` varchar(256) DEFAULT NULL,
  `package_code` varchar(256) DEFAULT NULL,
  `account_code` varchar(256) DEFAULT NULL,
  `province_code` varchar(256) DEFAULT NULL,
  `city_code` varchar(256) DEFAULT NULL,
  `ppk_code` varchar(256) DEFAULT NULL,
  `limit` double DEFAULT NULL,
  `created_at` datetime DEFAULT NULL,
  `created_by` int(11) DEFAULT NULL,
  `updated_at` datetime DEFAULT NULL,
  `updated_by` int(11) DEFAULT NULL,
  PRIMARY KEY (`id`),
  KEY `FK_package_create` (`created_by`),
  KEY `FK_package_update` (`updated_by`)
) ENGINE=InnoDB AUTO_INCREMENT=17 DEFAULT CHARSET=latin1;

/*Data for the table `package_account` */

insert  into `package_account`(`id`,`code`,`satker_code`,`activity_code`,`output_code`,`suboutput_code`,`component_code`,`package_code`,`account_code`,`province_code`,`city_code`,`ppk_code`,`limit`,`created_at`,`created_by`,`updated_at`,`updated_by`) values (1,'622280.2439.011.003.011.A.521211','622280','622280.2439','622280.2439.011','622280.2439.011.003','622280.2439.011.003.011','622280.2439.011.003.011.A','521211','01','01.54','01',10000000,'2015-09-29 14:09:47',1,'2015-09-29 14:09:47',1),(2,'622280.2439.011.003.011.A.521213','622280','622280.2439','622280.2439.011','622280.2439.011.003','622280.2439.011.003.011','622280.2439.011.003.011.A','521213','01','01.54','01',30000000,'2015-09-29 14:09:47',1,'2015-09-29 14:09:47',1),(3,'622280.2439.011.003.011.A.522131','622280','622280.2439','622280.2439.011','622280.2439.011.003','622280.2439.011.003.011','622280.2439.011.003.011.A','522131','01','01.54','01',1822447000,'2015-09-29 14:09:47',1,'2015-09-29 14:09:47',1),(4,'622280.2439.011.003.011.A.522141','622280','622280.2439','622280.2439.011','622280.2439.011.003','622280.2439.011.003.011','622280.2439.011.003.011.A','522141','01','01.54','01',22800000,'2015-09-29 14:09:47',1,'2015-09-29 14:09:47',1),(5,'622280.2439.011.003.011.A.522151','622280','622280.2439','622280.2439.011','622280.2439.011.003','622280.2439.011.003.011','622280.2439.011.003.011.A','522151','01','01.54','01',288000000,'2015-09-29 14:09:47',1,'2015-09-29 14:09:47',1),(6,'622280.2439.011.003.011.A.524114','622280','622280.2439','622280.2439.011','622280.2439.011.003','622280.2439.011.003.011','622280.2439.011.003.011.A','524114','01','01.54','01',174000000,'2015-09-29 14:09:47',1,'2015-09-29 14:09:47',1),(7,'622280.2439.011.003.011.B.521211','622280','622280.2439','622280.2439.011','622280.2439.011.003','622280.2439.011.003.011','622280.2439.011.003.011.B','521211','01','01.54','02',146690000,'2015-09-29 14:09:47',1,'2015-09-29 14:09:47',1),(8,'622280.2439.011.003.011.B.521213','622280','622280.2439','622280.2439.011','622280.2439.011.003','622280.2439.011.003.011','622280.2439.011.003.011.B','521213','01','01.54','02',31500000,'2015-09-29 14:09:47',1,'2015-09-29 14:09:47',1),(9,'622280.2439.011.003.011.B.522141','622280','622280.2439','622280.2439.011','622280.2439.011.003','622280.2439.011.003.011','622280.2439.011.003.011.B','522141','01','01.54','02',22500000,'2015-09-29 14:09:47',1,'2015-09-29 14:09:47',1),(10,'622280.2439.011.003.011.B.522151','622280','622280.2439','622280.2439.011','622280.2439.011.003','622280.2439.011.003.011','622280.2439.011.003.011.B','522151','01','01.54','02',984000000,'2015-09-29 14:09:48',1,'2015-09-29 14:09:48',1),(11,'622280.2439.011.003.011.B.524114','622280','622280.2439','622280.2439.011','622280.2439.011.003','622280.2439.011.003.011','622280.2439.011.003.011.B','524114','01','01.54','02',397050000,'2015-09-29 14:09:48',1,'2015-09-29 14:09:48',1),(12,'622280.2439.011.003.011.C.521211','622280','622280.2439','622280.2439.011','622280.2439.011.003','622280.2439.011.003.011','622280.2439.011.003.011.C','521211','01','01.51','01',146690000,'2015-10-01 15:05:52',1,'2015-10-01 15:05:52',1),(13,'622280.2439.011.003.011.C.521213','622280','622280.2439','622280.2439.011','622280.2439.011.003','622280.2439.011.003.011','622280.2439.011.003.011.C','521213','01','01.51','01',31500000,'2015-10-01 15:05:52',1,'2015-10-01 15:05:52',1),(14,'622280.2439.011.003.011.C.522141','622280','622280.2439','622280.2439.011','622280.2439.011.003','622280.2439.011.003.011','622280.2439.011.003.011.C','522141','01','01.51','01',22500000,'2015-10-01 15:05:52',1,'2015-10-01 15:05:52',1),(15,'622280.2439.011.003.011.C.522151','622280','622280.2439','622280.2439.011','622280.2439.011.003','622280.2439.011.003.011','622280.2439.011.003.011.C','522151','01','01.51','01',984000000,'2015-10-01 15:05:53',1,'2015-10-01 15:05:53',1),(16,'622280.2439.011.003.011.C.524114','622280','622280.2439','622280.2439.011','622280.2439.011.003','622280.2439.011.003.011','622280.2439.011.003.011.C','524114','01','01.51','01',397050000,'2015-10-01 15:05:53',1,'2015-10-01 15:05:53',1);

/*Table structure for table `payment_method` */

DROP TABLE IF EXISTS `payment_method`;

CREATE TABLE `payment_method` (
  `id` int(11) NOT NULL AUTO_INCREMENT,
  `code` varchar(256) NOT NULL,
  `name` varchar(256) NOT NULL,
  `created_at` datetime DEFAULT NULL,
  `created_by` int(11) DEFAULT NULL,
  `updated_at` datetime DEFAULT NULL,
  `updated_by` int(11) DEFAULT NULL,
  PRIMARY KEY (`id`),
  KEY `FK_payment_method` (`created_by`),
  KEY `FK_payment_method_update` (`updated_by`)
) ENGINE=InnoDB AUTO_INCREMENT=6 DEFAULT CHARSET=latin1;

/*Data for the table `payment_method` */

insert  into `payment_method`(`id`,`code`,`name`,`created_at`,`created_by`,`updated_at`,`updated_by`) values (1,'1','Cek Bank','2015-08-25 14:07:57',1,'2015-08-25 14:07:57',1),(2,'2','Giro Bank','2015-08-25 14:08:04',1,'2015-08-25 14:08:04',1),(3,'3','Cek Pos','2015-08-25 14:08:12',1,'2015-08-25 14:08:12',1),(4,'4','Giro Pos','2015-08-25 14:08:18',1,'2015-08-25 14:08:18',1),(5,'5','Nihil','2015-08-25 14:08:26',1,'2015-08-25 14:08:26',1);

/*Table structure for table `payment_type` */

DROP TABLE IF EXISTS `payment_type`;

CREATE TABLE `payment_type` (
  `id` int(11) NOT NULL AUTO_INCREMENT,
  `code` varchar(256) NOT NULL,
  `name` varchar(256) NOT NULL,
  `created_at` datetime DEFAULT NULL,
  `created_by` int(11) DEFAULT NULL,
  `updated_at` datetime DEFAULT NULL,
  `updated_by` int(11) DEFAULT NULL,
  PRIMARY KEY (`id`),
  UNIQUE KEY `id` (`id`),
  KEY `FK_payment_type_created` (`created_by`),
  KEY `FK_payment_type_updated` (`updated_by`)
) ENGINE=InnoDB DEFAULT CHARSET=latin1;

/*Data for the table `payment_type` */

/*Table structure for table `ppk` */

DROP TABLE IF EXISTS `ppk`;

CREATE TABLE `ppk` (
  `id` int(11) NOT NULL AUTO_INCREMENT,
  `code` varchar(256) NOT NULL,
  `ppk_name` varchar(256) NOT NULL,
  `official_name` varchar(256) NOT NULL,
  `official_nip` varchar(18) NOT NULL COMMENT 'NIP PPK',
  `created_at` datetime DEFAULT NULL,
  `created_by` int(11) DEFAULT NULL,
  `updated_at` datetime DEFAULT NULL,
  `updated_by` int(11) DEFAULT NULL,
  PRIMARY KEY (`id`),
  UNIQUE KEY `id` (`id`),
  KEY `FK_ppk_created` (`created_by`),
  KEY `FK_ppk_update` (`updated_by`)
) ENGINE=InnoDB AUTO_INCREMENT=7 DEFAULT CHARSET=latin1;

/*Data for the table `ppk` */

insert  into `ppk`(`id`,`code`,`ppk_name`,`official_name`,`official_nip`,`created_at`,`created_by`,`updated_at`,`updated_by`) values (1,'01','PPK Ke 1','Pejabat PPK 1','123456789','2015-10-01 11:14:05',1,'2015-10-01 11:14:05',1),(2,'02','PPK Ke 2','Pejabat PPK 2','123456790','2015-10-01 11:14:05',1,'2015-10-01 11:14:05',1),(3,'03','PPK Ke 3','Pejabat PPK 3','123456791','2015-10-01 11:14:05',1,'2015-10-01 11:14:05',1),(4,'04','PPK Ke 4','Pejabat PPK 4','123456792','2015-10-01 11:14:05',1,'2015-10-01 11:14:05',1),(5,'05','PPK Ke 5','Pejabat PPK 5','123456793','2015-10-01 11:14:05',1,'2015-10-01 11:14:05',1),(6,'06','PPK Ke 6','Pejabat PPK 6','123456794','2015-10-01 11:14:05',1,'2015-10-01 11:14:05',1);

/*Table structure for table `province` */

DROP TABLE IF EXISTS `province`;

CREATE TABLE `province` (
  `id` int(11) NOT NULL AUTO_INCREMENT,
  `code` varchar(256) NOT NULL,
  `name` varchar(256) NOT NULL,
  `created_at` datetime DEFAULT NULL,
  `created_by` int(11) DEFAULT NULL,
  `updated_at` datetime DEFAULT NULL,
  `updated_by` int(11) DEFAULT NULL,
  PRIMARY KEY (`id`),
  KEY `FK_province_create` (`created_by`),
  KEY `FK_province_update` (`updated_by`)
) ENGINE=InnoDB AUTO_INCREMENT=35 DEFAULT CHARSET=latin1;

/*Data for the table `province` */

insert  into `province`(`id`,`code`,`name`,`created_at`,`created_by`,`updated_at`,`updated_by`) values (1,'01','DKI JAKARTA','2015-10-01 11:42:07',1,'2015-10-01 11:42:07',1),(2,'02','JAWA BARAT','2015-10-01 11:42:07',1,'2015-10-01 11:42:07',1),(3,'03','JAWA TENGAH','2015-10-01 11:42:07',1,'2015-10-01 11:42:07',1),(4,'04','DI YOGYAKARTA','2015-10-01 11:42:08',1,'2015-10-01 11:42:08',1),(5,'05','JAWA TIMUR','2015-10-01 11:42:08',1,'2015-10-01 11:42:08',1),(6,'06','NANGGROE ACEH DARUSSALAM','2015-10-01 11:42:08',1,'2015-10-01 11:42:08',1),(7,'07','SUMATERA UTARA','2015-10-01 11:42:08',1,'2015-10-01 11:42:08',1),(8,'08','SUMATERA BARAT','2015-10-01 11:42:08',1,'2015-10-01 11:42:08',1),(9,'09','RIAU','2015-10-01 11:42:08',1,'2015-10-01 11:42:08',1),(10,'10','JAMBI','2015-10-01 11:42:08',1,'2015-10-01 11:42:08',1),(11,'11','SUMATERA SELATAN','2015-10-01 11:42:08',1,'2015-10-01 11:42:08',1),(12,'12','LAMPUNG','2015-10-01 11:42:08',1,'2015-10-01 11:42:08',1),(13,'13','KALIMANTAN BARAT','2015-10-01 11:42:08',1,'2015-10-01 11:42:08',1),(14,'14','KALIMANTAN TENGAH','2015-10-01 11:42:08',1,'2015-10-01 11:42:08',1),(15,'15','KALIMANTAN SELATAN','2015-10-01 11:42:08',1,'2015-10-01 11:42:08',1),(16,'16','KALIMANTAN TIMUR','2015-10-01 11:42:08',1,'2015-10-01 11:42:08',1),(17,'17','SULAWESI UTARA','2015-10-01 11:42:08',1,'2015-10-01 11:42:08',1),(18,'18','SULAWESI TENGAH','2015-10-01 11:42:08',1,'2015-10-01 11:42:08',1),(19,'19','SULAWESI SELATAN','2015-10-01 11:42:08',1,'2015-10-01 11:42:08',1),(20,'20','SULAWESI TENGGARA','2015-10-01 11:42:08',1,'2015-10-01 11:42:08',1),(21,'21','MALUKU','2015-10-01 11:42:08',1,'2015-10-01 11:42:08',1),(22,'22','BALI','2015-10-01 11:42:08',1,'2015-10-01 11:42:08',1),(23,'23','NUSA TENGGARA BARAT','2015-10-01 11:42:08',1,'2015-10-01 11:42:08',1),(24,'24','NUSA TENGGARA TIMUR','2015-10-01 11:42:08',1,'2015-10-01 11:42:08',1),(25,'25','PAPUA','2015-10-01 11:42:08',1,'2015-10-01 11:42:08',1),(26,'26','BENGKULU','2015-10-01 11:42:08',1,'2015-10-01 11:42:08',1),(27,'28','MALUKU UTARA','2015-10-01 11:42:08',1,'2015-10-01 11:42:08',1),(28,'29','BANTEN','2015-10-01 11:42:08',1,'2015-10-01 11:42:08',1),(29,'30','KEPULAUAN BANGKA BELITUNG','2015-10-01 11:42:08',1,'2015-10-01 11:42:08',1),(30,'31','GORONTALO','2015-10-01 11:42:09',1,'2015-10-01 11:42:09',1),(31,'32','KEPULAUAN RIAU','2015-10-01 11:42:09',1,'2015-10-01 11:42:09',1),(32,'33','PAPUA BARAT','2015-10-01 11:42:09',1,'2015-10-01 11:42:09',1),(33,'34','SULAWESI BARAT','2015-10-01 11:42:09',1,'2015-10-01 11:42:09',1),(34,'35','KALIMANTAN UTARA','2015-10-01 11:42:09',1,'2015-10-01 11:42:09',1);

/*Table structure for table `realization` */

DROP TABLE IF EXISTS `realization`;

CREATE TABLE `realization` (
  `id` int(11) NOT NULL AUTO_INCREMENT,
  `packageAccount_code` varchar(256) DEFAULT NULL,
  `package_code` varchar(256) DEFAULT NULL,
  `up_ls` enum('UP','LS') DEFAULT NULL COMMENT 'UP/LS',
  `spm_number` varchar(256) DEFAULT NULL,
  `spm_date` date DEFAULT NULL,
  `total_spm` double DEFAULT NULL,
  `ppn` double DEFAULT NULL,
  `pph` double DEFAULT NULL,
  `receiver` enum('Bendahara','Penyedia Jasa') DEFAULT NULL,
  `nrk` varchar(256) DEFAULT NULL COMMENT 'Nomor Register Kontrak',
  `nrs` varchar(256) DEFAULT NULL COMMENT 'Nomor Register Suplier',
  `created_at` datetime DEFAULT NULL,
  `created_by` int(11) DEFAULT NULL,
  `updated_at` datetime DEFAULT NULL,
  `updated_by` int(11) DEFAULT NULL,
  PRIMARY KEY (`id`)
) ENGINE=InnoDB AUTO_INCREMENT=12 DEFAULT CHARSET=latin1;

/*Data for the table `realization` */

insert  into `realization`(`id`,`packageAccount_code`,`package_code`,`up_ls`,`spm_number`,`spm_date`,`total_spm`,`ppn`,`pph`,`receiver`,`nrk`,`nrs`,`created_at`,`created_by`,`updated_at`,`updated_by`) values (1,'622280.2439.011.003.011.A.521211','622280.2439.011.003.011.A',NULL,NULL,NULL,10000000,NULL,NULL,NULL,NULL,NULL,'2015-09-30 11:03:33',1,'2015-09-30 11:03:33',1),(2,'622280.2439.011.003.011.A.521213','622280.2439.011.003.011.A',NULL,NULL,NULL,30000000,NULL,NULL,NULL,NULL,NULL,'2015-09-30 11:03:33',1,'2015-09-30 11:03:33',1),(3,'622280.2439.011.003.011.A.522131','622280.2439.011.003.011.A',NULL,NULL,NULL,1822447000,NULL,NULL,NULL,NULL,NULL,'2015-09-30 11:03:33',1,'2015-09-30 11:03:33',1),(4,'622280.2439.011.003.011.A.522141','622280.2439.011.003.011.A',NULL,NULL,NULL,22800000,NULL,NULL,NULL,NULL,NULL,'2015-09-30 11:03:33',1,'2015-09-30 11:03:33',1),(5,'622280.2439.011.003.011.A.522151','622280.2439.011.003.011.A',NULL,NULL,NULL,288000000,NULL,NULL,NULL,NULL,NULL,'2015-09-30 11:03:33',1,'2015-09-30 11:03:33',1),(6,'622280.2439.011.003.011.A.524114','622280.2439.011.003.011.A',NULL,NULL,NULL,174000000,NULL,NULL,NULL,NULL,NULL,'2015-09-30 11:03:33',1,'2015-09-30 11:03:33',1),(7,'622280.2439.011.003.011.B.521211','622280.2439.011.003.011.B',NULL,NULL,NULL,146690000,NULL,NULL,NULL,NULL,NULL,'2015-09-30 11:03:33',1,'2015-09-30 11:03:33',1),(8,'622280.2439.011.003.011.B.521213','622280.2439.011.003.011.B',NULL,NULL,NULL,31500000,NULL,NULL,NULL,NULL,NULL,'2015-09-30 11:03:34',1,'2015-09-30 11:03:34',1),(9,'622280.2439.011.003.011.B.522141','622280.2439.011.003.011.B',NULL,NULL,NULL,22500000,NULL,NULL,NULL,NULL,NULL,'2015-09-30 11:03:34',1,'2015-09-30 11:03:34',1),(10,'622280.2439.011.003.011.B.522151','622280.2439.011.003.011.B',NULL,NULL,NULL,984000000,NULL,NULL,NULL,NULL,NULL,'2015-09-30 11:03:34',1,'2015-09-30 11:03:34',1),(11,'622280.2439.011.003.011.B.524114','622280.2439.011.003.011.B',NULL,NULL,NULL,397050000,NULL,NULL,NULL,NULL,NULL,'2015-09-30 11:03:34',1,'2015-09-30 11:03:34',1);

/*Table structure for table `satker` */

DROP TABLE IF EXISTS `satker`;

CREATE TABLE `satker` (
  `id` int(11) NOT NULL AUTO_INCREMENT,
  `code` varchar(256) NOT NULL,
  `name` varchar(256) NOT NULL,
  `created_at` datetime DEFAULT NULL,
  `created_by` int(11) DEFAULT NULL,
  `updated_at` datetime DEFAULT NULL,
  `updated_by` int(11) DEFAULT NULL,
  PRIMARY KEY (`id`),
  UNIQUE KEY `id` (`id`),
  KEY `FK_output_create` (`created_by`),
  KEY `FK_output` (`updated_by`)
) ENGINE=InnoDB AUTO_INCREMENT=11 DEFAULT CHARSET=latin1;

/*Data for the table `satker` */

insert  into `satker`(`id`,`code`,`name`,`created_at`,`created_by`,`updated_at`,`updated_by`) values (1,'622280','PUSAT PEMBINAAN KOMPETENSI DAN PELATIHAN KONSTRUKSI','2015-10-01 11:10:09',1,'2015-10-01 11:10:09',1),(2,'622281','BALAI PELATIHAN KONSTRUKSI WILAYAH I BANDA ACEH','2015-10-01 11:10:09',1,'2015-10-01 11:10:09',1),(3,'622282','BALAI PELATIHAN KEAHLIAN KONSTRUKSI','2015-10-01 11:10:09',1,'2015-10-01 11:10:09',1),(4,'622283','BALAI PELATIHAN KONSTRUKSI DAN PERALATAN WILAYAH II JAKARTA','2015-10-01 11:10:09',1,'2015-10-01 11:10:09',1),(5,'622284','BALAI PELATIHAN KONSTRUKSI WILAYAH III SURABAYA','2015-10-01 11:10:09',1,'2015-10-01 11:10:09',1),(6,'622285','BALAI PELATIHAN KONSTRUKSI WILAYAH IV BANJARMASIN','2015-10-01 11:10:09',1,'2015-10-01 11:10:09',1),(7,'622286','BALAI PELATIHAN KONSTRUKSI WILAYAH V MAKASAR','2015-10-01 11:10:09',1,'2015-10-01 11:10:09',1),(8,'622287','BALAI PELATIHAN KONSTRUKSI WILAYAH VI JAYAPURA','2015-10-01 11:10:09',1,'2015-10-01 11:10:09',1),(9,'622288','PELAKSANA PELATIHAN KONSTRUKSI WILAYAH PALEMBANG','2015-10-01 11:10:09',1,'2015-10-01 11:10:09',1),(10,'622289','PELAKSANA PELATIHAN KONSTRUKSI WILAYAH MATARAM','2015-10-01 11:10:09',1,'2015-10-01 11:10:09',1);

/*Table structure for table `spm_type` */

DROP TABLE IF EXISTS `spm_type`;

CREATE TABLE `spm_type` (
  `id` int(11) NOT NULL AUTO_INCREMENT,
  `code` varchar(256) NOT NULL,
  `name` varchar(256) NOT NULL,
  `created_at` datetime DEFAULT NULL,
  `created_by` int(11) DEFAULT NULL,
  `updated_at` datetime DEFAULT NULL,
  `updated_by` int(11) DEFAULT NULL,
  PRIMARY KEY (`id`),
  UNIQUE KEY `id` (`id`),
  KEY `FK_spm_type_created` (`created_by`),
  KEY `FK_spm_type_updated` (`updated_by`)
) ENGINE=InnoDB DEFAULT CHARSET=latin1;

/*Data for the table `spm_type` */

/*Table structure for table `subcomponent` */

DROP TABLE IF EXISTS `subcomponent`;

CREATE TABLE `subcomponent` (
  `id` int(11) NOT NULL AUTO_INCREMENT,
  `code` varchar(256) NOT NULL,
  `satker_code` varchar(256) DEFAULT NULL,
  `activity_code` varchar(256) DEFAULT NULL,
  `output_code` varchar(256) DEFAULT NULL,
  `suboutput_code` varchar(256) DEFAULT NULL,
  `component_code` varchar(256) NOT NULL,
  `name` varchar(256) NOT NULL,
  `created_at` datetime DEFAULT NULL,
  `created_by` int(11) DEFAULT NULL,
  `updated_at` datetime DEFAULT NULL,
  `updated_by` int(11) DEFAULT NULL,
  PRIMARY KEY (`id`),
  UNIQUE KEY `id` (`id`),
  KEY `FK_output_create` (`created_by`),
  KEY `FK_output` (`updated_by`),
  KEY `FK_output_activity` (`component_code`)
) ENGINE=InnoDB AUTO_INCREMENT=8 DEFAULT CHARSET=latin1;

/*Data for the table `subcomponent` */

insert  into `subcomponent`(`id`,`code`,`satker_code`,`activity_code`,`output_code`,`suboutput_code`,`component_code`,`name`,`created_at`,`created_by`,`updated_at`,`updated_by`) values (1,'622280.2439.011.003.011.A','622280','622280.2439','622280.2439.011','622280.2439.011.003','622280.2439.011.003.011','Rapat Koordinasi Persiapan Pelaksanaan Pelatihan Konstruksi Keliling (MTU) bagi Tenaga Kerja Konstruksi Indonesia','2015-10-01 17:32:03',1,'2015-10-01 17:32:03',1),(2,'622280.2439.011.003.011.B','622280','622280.2439','622280.2439.011','622280.2439.011.003','622280.2439.011.003.011','Koordinasi Mobilisasi Mobile Training Unit (MTU)','2015-10-01 17:32:03',1,'2015-10-01 17:32:03',1);

/*Table structure for table `subcomponent_error` */

DROP TABLE IF EXISTS `subcomponent_error`;

CREATE TABLE `subcomponent_error` (
  `id` int(11) NOT NULL AUTO_INCREMENT,
  `code` varchar(256) NOT NULL,
  `satker_code` varchar(256) DEFAULT NULL,
  `activity_code` varchar(256) DEFAULT NULL,
  `output_code` varchar(256) DEFAULT NULL,
  `suboutput_code` varchar(256) DEFAULT NULL,
  `component_code` varchar(256) DEFAULT NULL,
  `name` varchar(256) DEFAULT NULL,
  `created_at` datetime DEFAULT NULL,
  `created_by` int(11) DEFAULT NULL,
  `updated_at` datetime DEFAULT NULL,
  `updated_by` int(11) DEFAULT NULL,
  PRIMARY KEY (`id`),
  UNIQUE KEY `id` (`id`),
  KEY `FK_output_create` (`created_by`),
  KEY `FK_output` (`updated_by`),
  KEY `FK_output_activity` (`component_code`)
) ENGINE=InnoDB DEFAULT CHARSET=latin1;

/*Data for the table `subcomponent_error` */

/*Table structure for table `suboutput` */

DROP TABLE IF EXISTS `suboutput`;

CREATE TABLE `suboutput` (
  `id` int(11) NOT NULL AUTO_INCREMENT,
  `code` varchar(256) NOT NULL,
  `satker_code` varchar(256) DEFAULT NULL,
  `activity_code` varchar(256) DEFAULT NULL,
  `output_code` varchar(256) NOT NULL,
  `name` varchar(256) NOT NULL,
  `created_at` datetime DEFAULT NULL,
  `created_by` int(11) DEFAULT NULL,
  `updated_at` datetime DEFAULT NULL,
  `updated_by` int(11) DEFAULT NULL,
  PRIMARY KEY (`id`),
  UNIQUE KEY `id` (`id`),
  KEY `FK_output_create` (`created_by`),
  KEY `FK_output` (`updated_by`),
  KEY `FK_output_activity` (`output_code`)
) ENGINE=InnoDB AUTO_INCREMENT=53 DEFAULT CHARSET=latin1;

/*Data for the table `suboutput` */

insert  into `suboutput`(`id`,`code`,`satker_code`,`activity_code`,`output_code`,`name`,`created_at`,`created_by`,`updated_at`,`updated_by`) values (1,'622280.2439.001.001','622280','622280.2439','622280.2439.001','tanpa sub output','2015-10-01 11:30:10',1,'2015-10-01 11:30:10',1),(2,'622280.2439.007.001','622280','622280.2439','622280.2439.007','tanpa sub output','2015-10-01 11:30:10',1,'2015-10-01 11:30:10',1),(3,'622280.2439.010.001','622280','622280.2439','622280.2439.010','Revisi Modul Pel. Konstruksi Praktis & Ringkas 12 Jabker Bid. Ketrampilan Sbr Daya Air, Bina Marga dan Cipta Karya','2015-10-01 11:30:10',1,'2015-10-01 11:30:10',1),(4,'622280.2439.011.001','622280','622280.2439','622280.2439.011','MANAGEMENT OF TRAINING (MOT)','2015-10-01 11:30:11',1,'2015-10-01 11:30:11',1),(5,'622280.2439.011.002','622280','622280.2439','622280.2439.011','MANAJEMEN PENGENDALIAN PELATIHAN KONSTRUKSI','2015-10-01 11:30:11',1,'2015-10-01 11:30:11',1),(6,'622280.2439.011.003','622280','622280.2439','622280.2439.011','PEMBEKALAN PELATIHAN MOBILE TRAINING UNIT (MTU)','2015-10-01 11:30:11',1,'2015-10-01 11:30:11',1),(7,'622280.2439.011.004','622280','622280.2439','622280.2439.011','PENINGKATAN KEMAMPUAN SDM JASA KONSTRUKSI BIDANG KETERAMPILAN','2015-10-01 11:30:11',1,'2015-10-01 11:30:11',1),(8,'622280.2439.011.005','622280','622280.2439','622280.2439.011','Peningkatan Kapasitas Pembinaan Kompetensi dan Pelatihan Konstruksi','2015-10-01 11:30:11',1,'2015-10-01 11:30:11',1),(9,'622280.2439.015.001','622280','622280.2439','622280.2439.015','Penyusunan Laporan Sistem Akuntansi Instansi (SAI) dan Barang Milik Negara (BMN)','2015-10-01 11:30:11',1,'2015-10-01 11:30:11',1),(10,'622280.2439.015.002','622280','622280.2439','622280.2439.015','Penyusunan Laporan Kinerja Instansi Pusat (LAKIP)','2015-10-01 11:30:11',1,'2015-10-01 11:30:11',1),(11,'622280.2439.016.001','622280','622280.2439','622280.2439.016','Pengembangan Standar Biaya Pelatihan Konstruksi','2015-10-01 11:30:11',1,'2015-10-01 11:30:11',1),(12,'622280.2439.016.002','622280','622280.2439','622280.2439.016','EVALUASI  MANFAAT DAN PENCAPAIAN PELAKSANAAN PELATIHAN 2013','2015-10-01 11:30:11',1,'2015-10-01 11:30:11',1),(13,'622280.2439.016.003','622280','622280.2439','622280.2439.016','Koordinasi Program Penyusunan Modul dan Pelatihan','2015-10-01 11:30:11',1,'2015-10-01 11:30:11',1),(14,'622280.2439.016.004','622280','622280.2439','622280.2439.016','Pengembangan Pembentukan Lembaga Pelatihan Konstruksi di Pusat dan Daerah','2015-10-01 11:30:11',1,'2015-10-01 11:30:11',1),(15,'622280.2439.016.005','622280','622280.2439','622280.2439.016','Koordinasi Pengembangan Kerjasama Pelatihan Konstruksi melalui MOU dengan Stakeholder','2015-10-01 11:30:11',1,'2015-10-01 11:30:11',1),(16,'622280.2439.016.006','622280','622280.2439','622280.2439.016','Penyusunan Rancangan RENSTRA Pembinaan Kompetensi dan Pelatihan Konstruksi 2015-2019','2015-10-01 11:30:11',1,'2015-10-01 11:30:11',1),(17,'622280.2439.016.007','622280','622280.2439','622280.2439.016','Kajian Manfaat Modul Pelatihan Terhadap Kondisi Industri Konstruksi','2015-10-01 11:30:11',1,'2015-10-01 11:30:11',1),(18,'622280.2439.016.008','622280','622280.2439','622280.2439.016','Pengembangan Sarana dan Prasarana Balai Pelatihan Konstruksi','2015-10-01 11:30:11',1,'2015-10-01 11:30:11',1),(19,'622280.2439.023.001','622280','622280.2439','622280.2439.023','TANPA SUB OUTPUT','2015-10-01 11:30:11',1,'2015-10-01 11:30:11',1),(20,'622280.2439.996.001','622280','622280.2439','622280.2439.996','PERANGKAT PENGOLAH DATA DAN KOMUNIKASI','2015-10-01 11:30:11',1,'2015-10-01 11:30:11',1),(21,'622280.2439.996.002','622280','622280.2439','622280.2439.996','PERANGKAT PENGOLAH DATA DAN KOMUNIKASI','2015-10-01 11:30:11',1,'2015-10-01 11:30:11',1),(22,'622280.2439.997.001','622280','622280.2439','622280.2439.997','PERALATAN DAN FASILITAS PERKANTORAN','2015-10-01 11:30:11',1,'2015-10-01 11:30:11',1),(23,'622280.2439.997.002','622280','622280.2439','622280.2439.997','PERALATAN DAN FASILITAS PERKANTORAN','2015-10-01 11:30:12',1,'2015-10-01 11:30:12',1),(24,'622280.2439.003.001','622280','622280.2439','622280.2439.003','Mutual Recognition Arrangements (MRA) on Engineering Services and Architectural Services','2015-10-01 11:30:12',1,'2015-10-01 11:30:12',1),(25,'622280.2439.003.002','622280','622280.2439','622280.2439.003','Penyusunan Program Evaluasi Bakuan Kompetensi Konstruksi','2015-10-01 11:30:12',1,'2015-10-01 11:30:12',1),(26,'622280.2439.006.001','622280','622280.2439','622280.2439.006','Penyusunan Peraturan Menteri tentang Continuing Professional Development (CPD)','2015-10-01 11:30:12',1,'2015-10-01 11:30:12',1),(27,'622280.2439.006.002','622280','622280.2439','622280.2439.006','Penyusunan Rancangan Peraturan Menteri Tentang Penyelenggaraan Pelatihan Konstruksi','2015-10-01 11:30:12',1,'2015-10-01 11:30:12',1),(28,'622280.2439.018.001','622280','622280.2439','622280.2439.018','Pengadaan dan Mobilisasi MTU','2015-10-01 11:30:12',1,'2015-10-01 11:30:12',1),(29,'622280.2439.018.002','622280','622280.2439','622280.2439.018','Kendaraan Pendukung dan Peralatan Mandiri MTU','2015-10-01 11:30:12',1,'2015-10-01 11:30:12',1),(30,'622280.2439.018.003','622280','622280.2439','622280.2439.018','Pengadaan dan Mobilisasi MTU','2015-10-01 11:30:12',1,'2015-10-01 11:30:12',1),(31,'622280.2439.005.001','622280','622280.2439','622280.2439.005','PELATIHAN DI SUMATERA BARAT','2015-10-01 11:30:12',1,'2015-10-01 11:30:12',1),(32,'622280.2439.005.002','622280','622280.2439','622280.2439.005','PELATIHAN DI BENGKULU','2015-10-01 11:30:12',1,'2015-10-01 11:30:12',1),(33,'622280.2439.005.003','622280','622280.2439','622280.2439.005','PELATIHAN DI JAWA TENGAH','2015-10-01 11:30:12',1,'2015-10-01 11:30:12',1),(34,'622280.2439.005.004','622280','622280.2439','622280.2439.005','PELATIHAN DI DKI JAKARTA','2015-10-01 11:30:12',1,'2015-10-01 11:30:12',1),(35,'622280.2439.005.005','622280','622280.2439','622280.2439.005','PELATIHAN DI JAWA BARAT','2015-10-01 11:30:12',1,'2015-10-01 11:30:12',1),(36,'622280.2439.005.006','622280','622280.2439','622280.2439.005','PELATIHAN DI KALIMANTAN TENGAH','2015-10-01 11:30:12',1,'2015-10-01 11:30:12',1),(37,'622280.2439.005.007','622280','622280.2439','622280.2439.005','PELATIHAN DI GORONTALO','2015-10-01 11:30:12',1,'2015-10-01 11:30:12',1),(38,'622280.2439.005.008','622280','622280.2439','622280.2439.005','PELATIHAN DI SULAWESI SELATAN','2015-10-01 11:30:12',1,'2015-10-01 11:30:12',1),(39,'622280.2439.005.009','622280','622280.2439','622280.2439.005','PELATIHAN DI PAPUA BARAT','2015-10-01 11:30:12',1,'2015-10-01 11:30:12',1),(40,'622280.2439.009.001','622280','622280.2439','622280.2439.009','Penyusunan Direktori Bakuan Kompetensi dan Pelatihan Konstruksi','2015-10-01 11:30:12',1,'2015-10-01 11:30:12',1),(41,'622280.2439.009.002','622280','622280.2439','622280.2439.009','Penyusunan Pedoman Pelaksanaan Rekrutmen Pelatihan Konstruksi','2015-10-01 11:30:12',1,'2015-10-01 11:30:12',1),(42,'622280.2439.009.003','622280','622280.2439','622280.2439.009','PEMBINAAN KAPASITAS INSTRUKTUR DAN ASESOR JASA KONSTRUKSI','2015-10-01 11:30:13',1,'2015-10-01 11:30:13',1),(43,'622280.2439.004.001','622280','622280.2439','622280.2439.004','Revisi Modul Pelatihan Konstruksi Praktis Dan Ringkas 12 Jabatan Kerja Bidang Keahlian Bina Marga, Sumber Daya Air dan Umum','2015-10-01 11:30:13',1,'2015-10-01 11:30:13',1),(44,'622280.2439.004.002','622280','622280.2439','622280.2439.004','Revisi Modul Pelatihan Konstruksi Praktis Dan Ringkas 12 Jabatan Kerja Bidang Keahlian Cipta Karya','2015-10-01 11:30:13',1,'2015-10-01 11:30:13',1),(45,'622280.2439.004.003','622280','622280.2439','622280.2439.004','Penyusunan Modul/Materi Pelatihan Berbasis Kompetensi','2015-10-01 11:30:13',1,'2015-10-01 11:30:13',1),(46,'622280.2439.994.001','622280','622280.2439','622280.2439.994','LAYANAN PERKANTORAN','2015-10-01 11:30:13',1,'2015-10-01 11:30:13',1),(47,'622280.2439.994.002','622280','622280.2439','622280.2439.994','LAYANAN PERKANTORAN','2015-10-01 11:30:13',1,'2015-10-01 11:30:13',1),(48,'622280.2439.008.001','622280','622280.2439','622280.2439.008','Pelatihan Keterampilan','2015-10-01 11:30:13',1,'2015-10-01 11:30:13',1),(49,'622280.2439.008.002','622280','622280.2439','622280.2439.008','PELATIHAN ASESOR BADAN USAHA','2015-10-01 11:30:13',1,'2015-10-01 11:30:13',1),(50,'622280.2439.008.003','622280','622280.2439','622280.2439.008','PELATIHAN KETERAMPILAN *','2015-10-01 11:30:13',1,'2015-10-01 11:30:13',1),(51,'622280.2439.008.004','622280','622280.2439','622280.2439.008','PELATIHAN KETERAMPILAN','2015-10-01 11:30:13',1,'2015-10-01 11:30:13',1),(52,'622280.2439.014.001','622280','622280.2439','622280.2439.014','tanpa sub output','2015-10-01 11:30:13',1,'2015-10-01 11:30:13',1);

/*Table structure for table `up` */

DROP TABLE IF EXISTS `up`;

CREATE TABLE `up` (
  `id` int(11) NOT NULL AUTO_INCREMENT,
  `number_of_letter` varchar(256) NOT NULL,
  `date_of_letter` date NOT NULL,
  `total_up` double DEFAULT NULL,
  `created_at` datetime DEFAULT NULL,
  `created_by` int(11) DEFAULT NULL,
  `updated_at` datetime DEFAULT NULL,
  `updated_by` int(11) DEFAULT NULL,
  PRIMARY KEY (`id`),
  KEY `FK_up_created` (`created_by`),
  KEY `FK_up_updated` (`updated_by`)
) ENGINE=InnoDB DEFAULT CHARSET=latin1;

/*Data for the table `up` */

/*Table structure for table `up_detail` */

DROP TABLE IF EXISTS `up_detail`;

CREATE TABLE `up_detail` (
  `id` int(11) NOT NULL AUTO_INCREMENT,
  `up_number_of_letter` varchar(256) DEFAULT NULL,
  `package_code` varchar(256) DEFAULT NULL,
  `limit` double DEFAULT NULL,
  `created_at` datetime DEFAULT NULL,
  `created_by` int(11) DEFAULT NULL,
  `updated_at` datetime DEFAULT NULL,
  `updated_by` int(11) DEFAULT NULL,
  PRIMARY KEY (`id`),
  KEY `FK_up_detail_created` (`created_by`),
  KEY `FK_up_detail_updated` (`updated_by`)
) ENGINE=InnoDB DEFAULT CHARSET=latin1;

/*Data for the table `up_detail` */

/*Table structure for table `user` */

DROP TABLE IF EXISTS `user`;

CREATE TABLE `user` (
  `id` int(11) NOT NULL AUTO_INCREMENT,
  `username` varchar(128) NOT NULL,
  `password` varchar(256) NOT NULL,
  `last_login_time` datetime DEFAULT NULL,
  `group_id` int(11) DEFAULT NULL,
  PRIMARY KEY (`id`),
  KEY `FK_user_group` (`group_id`),
  CONSTRAINT `user_ibfk_1` FOREIGN KEY (`group_id`) REFERENCES `group` (`id`) ON DELETE CASCADE
) ENGINE=InnoDB AUTO_INCREMENT=6 DEFAULT CHARSET=latin1;

/*Data for the table `user` */

insert  into `user`(`id`,`username`,`password`,`last_login_time`,`group_id`) values (1,'Admin','21232f297a57a5a743894a0e4a801fc3',NULL,1),(3,'Pablo','21232f297a57a5a743894a0e4a801fc3',NULL,2),(4,'Operator','21232f297a57a5a743894a0e4a801fc3',NULL,4),(5,'Ppk','21232f297a57a5a743894a0e4a801fc3',NULL,3);

/*!40101 SET SQL_MODE=@OLD_SQL_MODE */;
/*!40014 SET FOREIGN_KEY_CHECKS=@OLD_FOREIGN_KEY_CHECKS */;
