-- phpMyAdmin SQL Dump
-- version 4.0.10deb1
-- http://www.phpmyadmin.net
--
-- Host: localhost
-- Generation Time: Oct 18, 2015 at 09:57 AM
-- Server version: 5.5.43-0ubuntu0.14.04.1
-- PHP Version: 5.6.10-1+deb.sury.org~trusty+1

SET SQL_MODE = "NO_AUTO_VALUE_ON_ZERO";
SET time_zone = "+00:00";


/*!40101 SET @OLD_CHARACTER_SET_CLIENT=@@CHARACTER_SET_CLIENT */;
/*!40101 SET @OLD_CHARACTER_SET_RESULTS=@@CHARACTER_SET_RESULTS */;
/*!40101 SET @OLD_COLLATION_CONNECTION=@@COLLATION_CONNECTION */;
/*!40101 SET NAMES utf8 */;

--
-- Database: `anggaran`
--

-- --------------------------------------------------------

--
-- Table structure for table `account`
--

CREATE TABLE IF NOT EXISTS `account` (
  `id` int(11) NOT NULL AUTO_INCREMENT,
  `code` varchar(256) NOT NULL,
  `name` varchar(256) NOT NULL,
  `created_at` datetime DEFAULT NULL,
  `created_by` int(11) DEFAULT NULL,
  `updated_at` datetime DEFAULT NULL,
  `updated_by` int(11) DEFAULT NULL,
  PRIMARY KEY (`id`),
  UNIQUE KEY `id` (`id`),
  KEY `FK_account_create` (`created_by`),
  KEY `FK_account_update` (`updated_by`)
) ENGINE=InnoDB  DEFAULT CHARSET=latin1 AUTO_INCREMENT=46 ;

--
-- Dumping data for table `account`
--

INSERT INTO `account` (`id`, `code`, `name`, `created_at`, `created_by`, `updated_at`, `updated_by`) VALUES
(1, '511111', 'Belanja Gaji Pokok PNS', '2015-10-18 09:46:35', 1, '2015-10-18 09:46:35', 1),
(2, '511119', 'Belanja Pembulatan Gaji PNS', '2015-10-18 09:46:35', 1, '2015-10-18 09:46:35', 1),
(3, '511121', 'Belanja Tunj. Suami/Istri PNS', '2015-10-18 09:46:35', 1, '2015-10-18 09:46:35', 1),
(4, '511122', 'Belanja Tunj. Anak PNS', '2015-10-18 09:46:35', 1, '2015-10-18 09:46:35', 1),
(5, '511123', 'Belanja Tunj. Struktural PNS', '2015-10-18 09:46:35', 1, '2015-10-18 09:46:35', 1),
(6, '511124', 'Belanja Tunj. Fungsional PNS', '2015-10-18 09:46:35', 1, '2015-10-18 09:46:35', 1),
(7, '511125', 'Belanja Tunj. PPh PNS', '2015-10-18 09:46:35', 1, '2015-10-18 09:46:35', 1),
(8, '511126', 'Belanja Tunj. Beras PNS', '2015-10-18 09:46:35', 1, '2015-10-18 09:46:35', 1),
(9, '511129', 'Belanja Uang Makan PNS', '2015-10-18 09:46:35', 1, '2015-10-18 09:46:35', 1),
(10, '511138', 'Belanja Tunjangan Khusus Papua PNS', '2015-10-18 09:46:36', 1, '2015-10-18 09:46:36', 1),
(11, '511151', 'Belanja Tunjangan Umum PNS', '2015-10-18 09:46:36', 1, '2015-10-18 09:46:36', 1),
(12, '512111', 'Belanja Uang Honor Tetap', '2015-10-18 09:46:36', 1, '2015-10-18 09:46:36', 1),
(13, '512211', 'Belanja uang lembur', '2015-10-18 09:46:36', 1, '2015-10-18 09:46:36', 1),
(14, '521111', 'Belanja Keperluan Perkantoran', '2015-10-18 09:46:36', 1, '2015-10-18 09:46:36', 1),
(15, '521114', 'Belanja pengiriman surat dinas pos pusat', '2015-10-18 09:46:36', 1, '2015-10-18 09:46:36', 1),
(16, '521115', 'Honor Operasional Satuan Kerja', '2015-10-18 09:46:36', 1, '2015-10-18 09:46:36', 1),
(17, '521119', 'Belanja Barang Operasional Lainnya', '2015-10-18 09:46:36', 1, '2015-10-18 09:46:36', 1),
(18, '521211', 'Belanja Bahan', '2015-10-18 09:46:37', 1, '2015-10-18 09:46:37', 1),
(19, '521213', 'Honor Output Kegiatan', '2015-10-18 09:46:37', 1, '2015-10-18 09:46:37', 1),
(20, '521219', 'Belanja Barang Non Operasional Lainnya', '2015-10-18 09:46:37', 1, '2015-10-18 09:46:37', 1),
(21, '522111', 'Belanja Langganan Listrik', '2015-10-18 09:46:37', 1, '2015-10-18 09:46:37', 1),
(22, '522112', 'Belanja Langganan Telepon', '2015-10-18 09:46:37', 1, '2015-10-18 09:46:37', 1),
(23, '522113', 'Belanja Langganan Air', '2015-10-18 09:46:37', 1, '2015-10-18 09:46:37', 1),
(24, '522119', 'Belanja Langganan Daya dan Jasa Lainnya', '2015-10-18 09:46:37', 1, '2015-10-18 09:46:37', 1),
(25, '522131', 'Belanja Jasa Konsultan', '2015-10-18 09:46:37', 1, '2015-10-18 09:46:37', 1),
(26, '522141', 'Belanja Sewa', '2015-10-18 09:46:37', 1, '2015-10-18 09:46:37', 1),
(27, '522151', 'Belanja Jasa Profesi', '2015-10-18 09:46:37', 1, '2015-10-18 09:46:37', 1),
(28, '522191', 'Belanja Jasa Lainnya', '2015-10-18 09:46:37', 1, '2015-10-18 09:46:37', 1),
(29, '523111', 'Belanja Biaya Pemeliharaan Gedung dan Bangunan', '2015-10-18 09:46:37', 1, '2015-10-18 09:46:37', 1),
(30, '523119', 'Belanja Biaya Pemeliharaan Gedung dan Bangunan Lainnya', '2015-10-18 09:46:37', 1, '2015-10-18 09:46:37', 1),
(31, '523121', 'Belanja Biaya Pemeliharaan Peralatan dan Mesin', '2015-10-18 09:46:37', 1, '2015-10-18 09:46:37', 1),
(32, '524111', 'Belanja perjalanan biasa', '2015-10-18 09:46:37', 1, '2015-10-18 09:46:37', 1),
(33, '524112', 'Belanja perjalanan tetap', '2015-10-18 09:46:37', 1, '2015-10-18 09:46:37', 1),
(34, '524113', 'Belanja Perjalanan Dinas Dalam Kota', '2015-10-18 09:46:37', 1, '2015-10-18 09:46:37', 1),
(35, '524114', 'Belanja Perjalanan Dinas Paket Meeting Dalam Kota', '2015-10-18 09:46:37', 1, '2015-10-18 09:46:37', 1),
(36, '524119', 'Belanja Perjalanan Dinas Paket Meeting Luar Kota', '2015-10-18 09:46:37', 1, '2015-10-18 09:46:37', 1),
(37, '524219', 'Belanja perjalanan lainnya - luar negeri', '2015-10-18 09:46:37', 1, '2015-10-18 09:46:37', 1),
(38, '532111', 'Belanja Modal Peralatan dan Mesin', '2015-10-18 09:46:38', 1, '2015-10-18 09:46:38', 1),
(39, '532115', 'Belanja Modal Perencanaan dan Pengawasan Peralatan dan Mesin', '2015-10-18 09:46:38', 1, '2015-10-18 09:46:38', 1),
(40, '532118', 'Belanja Modal Perjalanan Peralatan dan Mesin', '2015-10-18 09:46:38', 1, '2015-10-18 09:46:38', 1),
(41, '533111', 'Belanja Modal Gedung dan Bangunan', '2015-10-18 09:46:38', 1, '2015-10-18 09:46:38', 1),
(42, '533113', 'Belanja Modal Upah Tenaga Kerja dan Honor Pengelola Teknis Gedung dan Bangunan', '2015-10-18 09:46:38', 1, '2015-10-18 09:46:38', 1),
(43, '533115', 'Belanja Modal Perencanaan dan Pengawasan Gedung dan Bangunan', '2015-10-18 09:46:38', 1, '2015-10-18 09:46:38', 1),
(44, '533121', 'Belanja Penambahan Nilai Gedung dan Bangunan', '2015-10-18 09:46:38', 1, '2015-10-18 09:46:38', 1),
(45, '536111', 'Belanja Modal Lainnya', '2015-10-18 09:46:38', 1, '2015-10-18 09:46:38', 1);

-- --------------------------------------------------------

--
-- Table structure for table `activity`
--

CREATE TABLE IF NOT EXISTS `activity` (
  `id` int(11) NOT NULL AUTO_INCREMENT,
  `satker_code` varchar(256) NOT NULL,
  `code` varchar(256) NOT NULL,
  `name` varchar(256) NOT NULL,
  `created_at` datetime DEFAULT NULL,
  `created_by` int(11) DEFAULT NULL,
  `updated_at` datetime DEFAULT NULL,
  `updated_by` int(11) DEFAULT NULL,
  PRIMARY KEY (`id`),
  UNIQUE KEY `id` (`id`),
  KEY `FK_activity_created` (`created_by`),
  KEY `FK_activity_update` (`updated_by`)
) ENGINE=InnoDB  DEFAULT CHARSET=latin1 AUTO_INCREMENT=2 ;

--
-- Dumping data for table `activity`
--

INSERT INTO `activity` (`id`, `satker_code`, `code`, `name`, `created_at`, `created_by`, `updated_at`, `updated_by`) VALUES
(1, '622280', '622280.2439', 'Kegiatan 1', '2015-10-18 09:44:44', 1, '2015-10-18 09:44:44', 1);

-- --------------------------------------------------------

--
-- Table structure for table `budget`
--

CREATE TABLE IF NOT EXISTS `budget` (
  `id` int(11) NOT NULL AUTO_INCREMENT,
  `code` varchar(256) DEFAULT NULL,
  `dipa_id` int(11) NOT NULL,
  `budget_year` year(4) DEFAULT NULL,
  `satker_code` varchar(256) DEFAULT NULL,
  `activity_code` varchar(256) DEFAULT NULL,
  `output_code` varchar(256) DEFAULT NULL,
  `suboutput_code` varchar(256) DEFAULT NULL,
  `component_code` varchar(256) DEFAULT NULL,
  `subcomponent_code` varchar(256) DEFAULT NULL,
  `account_code` varchar(256) DEFAULT NULL,
  `total_budget_limit` double DEFAULT NULL,
  `created_at` datetime DEFAULT NULL,
  `created_by` int(11) DEFAULT NULL,
  `updated_at` datetime DEFAULT NULL,
  `updated_by` int(11) DEFAULT NULL,
  PRIMARY KEY (`id`),
  KEY `FK_budget` (`budget_year`),
  KEY `FK_budget_create` (`created_by`),
  KEY `FK_budget_update` (`updated_by`)
) ENGINE=InnoDB  DEFAULT CHARSET=latin1 AUTO_INCREMENT=241 ;

--
-- Dumping data for table `budget`
--

INSERT INTO `budget` (`id`, `code`, `dipa_id`, `budget_year`, `satker_code`, `activity_code`, `output_code`, `suboutput_code`, `component_code`, `subcomponent_code`, `account_code`, `total_budget_limit`, `created_at`, `created_by`, `updated_at`, `updated_by`) VALUES
(1, '622280.2439.001.001.001.A.521211', 1, 2014, '622280', '622280.2439', '622280.2439.001', '622280.2439.001.001', '622280.2439.001.001.001', '622280.2439.001.001.001.A', '521211', 10000000, '2015-10-18 09:49:06', 1, '2015-10-18 09:49:06', 1),
(2, '622280.2439.001.001.001.A.521213', 1, 2014, '622280', '622280.2439', '622280.2439.001', '622280.2439.001.001', '622280.2439.001.001.001', '622280.2439.001.001.001.A', '521213', 7101000, '2015-10-18 09:49:06', 1, '2015-10-18 09:49:06', 1),
(3, '622280.2439.001.001.001.A.522131', 1, 2014, '622280', '622280.2439', '622280.2439.001', '622280.2439.001.001', '622280.2439.001.001.001', '622280.2439.001.001.001.A', '522131', 2500000, '2015-10-18 09:49:06', 1, '2015-10-18 09:49:06', 1),
(4, '622280.2439.001.001.001.A.522141', 1, 2014, '622280', '622280.2439', '622280.2439.001', '622280.2439.001.001', '622280.2439.001.001.001', '622280.2439.001.001.001.A', '522141', 3000000, '2015-10-18 09:49:06', 1, '2015-10-18 09:49:06', 1),
(5, '622280.2439.001.001.001.A.522151', 1, 2014, '622280', '622280.2439', '622280.2439.001', '622280.2439.001.001', '622280.2439.001.001.001', '622280.2439.001.001.001.A', '522151', 7500000, '2015-10-18 09:49:07', 1, '2015-10-18 09:49:07', 1),
(6, '622280.2439.001.001.001.B.521211', 1, 2014, '622280', '622280.2439', '622280.2439.001', '622280.2439.001.001', '622280.2439.001.001.001', '622280.2439.001.001.001.B', '521211', 30000000, '2015-10-18 09:49:07', 1, '2015-10-18 09:49:07', 1),
(7, '622280.2439.001.001.001.B.521213', 1, 2014, '622280', '622280.2439', '622280.2439.001', '622280.2439.001.001', '622280.2439.001.001.001', '622280.2439.001.001.001.B', '521213', 3000000, '2015-10-18 09:49:07', 1, '2015-10-18 09:49:07', 1),
(8, '622280.2439.001.001.001.B.522131', 1, 2014, '622280', '622280.2439', '622280.2439.001', '622280.2439.001.001', '622280.2439.001.001.001', '622280.2439.001.001.001.B', '522131', 7500000, '2015-10-18 09:49:07', 1, '2015-10-18 09:49:07', 1),
(9, '622280.2439.001.001.001.B.522141', 1, 2014, '622280', '622280.2439', '622280.2439.001', '622280.2439.001.001', '622280.2439.001.001.001', '622280.2439.001.001.001.B', '522141', 10800000, '2015-10-18 09:49:07', 1, '2015-10-18 09:49:07', 1),
(10, '622280.2439.001.001.001.B.522151', 1, 2014, '622280', '622280.2439', '622280.2439.001', '622280.2439.001.001', '622280.2439.001.001.001', '622280.2439.001.001.001.B', '522151', 592200000, '2015-10-18 09:49:07', 1, '2015-10-18 09:49:07', 1),
(11, '622280.2439.001.001.002.A.521211', 1, 2014, '622280', '622280.2439', '622280.2439.001', '622280.2439.001.001', '622280.2439.001.001.002', '622280.2439.001.001.002.A', '521211', 6000000, '2015-10-18 09:49:07', 1, '2015-10-18 09:49:07', 1),
(12, '622280.2439.001.001.002.A.521213', 1, 2014, '622280', '622280.2439', '622280.2439.001', '622280.2439.001.001', '622280.2439.001.001.002', '622280.2439.001.001.002.A', '521213', 4500000, '2015-10-18 09:49:07', 1, '2015-10-18 09:49:07', 1),
(13, '622280.2439.001.001.002.A.522131', 1, 2014, '622280', '622280.2439', '622280.2439.001', '622280.2439.001.001', '622280.2439.001.001.002', '622280.2439.001.001.002.A', '522131', 22500000, '2015-10-18 09:49:07', 1, '2015-10-18 09:49:07', 1),
(14, '622280.2439.001.001.002.A.522141', 1, 2014, '622280', '622280.2439', '622280.2439.001', '622280.2439.001.001', '622280.2439.001.001.002', '622280.2439.001.001.002.A', '522141', 583440000, '2015-10-18 09:49:07', 1, '2015-10-18 09:49:07', 1),
(15, '622280.2439.001.001.002.A.522151', 1, 2014, '622280', '622280.2439', '622280.2439.001', '622280.2439.001.001', '622280.2439.001.001.002', '622280.2439.001.001.002.A', '522151', 582428000, '2015-10-18 09:49:07', 1, '2015-10-18 09:49:07', 1),
(16, '622280.2439.001.001.002.B.521211', 1, 2014, '622280', '622280.2439', '622280.2439.001', '622280.2439.001.001', '622280.2439.001.001.002', '622280.2439.001.001.002.B', '521211', 656579000, '2015-10-18 09:49:07', 1, '2015-10-18 09:49:07', 1),
(17, '622280.2439.001.001.002.B.521213', 1, 2014, '622280', '622280.2439', '622280.2439.001', '622280.2439.001.001', '622280.2439.001.001.002', '622280.2439.001.001.002.B', '521213', 56210000, '2015-10-18 09:49:07', 1, '2015-10-18 09:49:07', 1),
(18, '622280.2439.001.001.002.B.522131', 1, 2014, '622280', '622280.2439', '622280.2439.001', '622280.2439.001.001', '622280.2439.001.001.002', '622280.2439.001.001.002.B', '522131', 3600000, '2015-10-18 09:49:07', 1, '2015-10-18 09:49:07', 1),
(19, '622280.2439.001.001.002.B.522141', 1, 2014, '622280', '622280.2439', '622280.2439.001', '622280.2439.001.001', '622280.2439.001.001.002', '622280.2439.001.001.002.B', '522141', 6000000, '2015-10-18 09:49:07', 1, '2015-10-18 09:49:07', 1),
(20, '622280.2439.001.001.002.B.522151', 1, 2014, '622280', '622280.2439', '622280.2439.001', '622280.2439.001.001', '622280.2439.001.001.002', '622280.2439.001.001.002.B', '522151', 1800000, '2015-10-18 09:49:07', 1, '2015-10-18 09:49:07', 1),
(21, '622280.2439.001.002.001.A.521211', 1, 2014, '622280', '622280.2439', '622280.2439.001', '622280.2439.001.002', '622280.2439.001.002.001', '622280.2439.001.002.001.A', '521211', 2500000, '2015-10-18 09:49:08', 1, '2015-10-18 09:49:08', 1),
(22, '622280.2439.001.002.001.A.521213', 1, 2014, '622280', '622280.2439', '622280.2439.001', '622280.2439.001.002', '622280.2439.001.002.001', '622280.2439.001.002.001.A', '521213', 3600000, '2015-10-18 09:49:08', 1, '2015-10-18 09:49:08', 1),
(23, '622280.2439.001.002.001.A.522131', 1, 2014, '622280', '622280.2439', '622280.2439.001', '622280.2439.001.002', '622280.2439.001.002.001', '622280.2439.001.002.001.A', '522131', 6000000, '2015-10-18 09:49:08', 1, '2015-10-18 09:49:08', 1),
(24, '622280.2439.001.002.001.A.522141', 1, 2014, '622280', '622280.2439', '622280.2439.001', '622280.2439.001.002', '622280.2439.001.002.001', '622280.2439.001.002.001.A', '522141', 1800000, '2015-10-18 09:49:08', 1, '2015-10-18 09:49:08', 1),
(25, '622280.2439.001.002.001.A.522151', 1, 2014, '622280', '622280.2439', '622280.2439.001', '622280.2439.001.002', '622280.2439.001.002.001', '622280.2439.001.002.001.A', '522151', 86590000, '2015-10-18 09:49:08', 1, '2015-10-18 09:49:08', 1),
(26, '622280.2439.001.002.001.B.521211', 1, 2014, '622280', '622280.2439', '622280.2439.001', '622280.2439.001.002', '622280.2439.001.002.001', '622280.2439.001.002.001.B', '521211', 144000000, '2015-10-18 09:49:08', 1, '2015-10-18 09:49:08', 1),
(27, '622280.2439.001.002.001.B.521213', 1, 2014, '622280', '622280.2439', '622280.2439.001', '622280.2439.001.002', '622280.2439.001.002.001', '622280.2439.001.002.001.B', '521213', 5600000, '2015-10-18 09:49:08', 1, '2015-10-18 09:49:08', 1),
(28, '622280.2439.001.002.001.B.522131', 1, 2014, '622280', '622280.2439', '622280.2439.001', '622280.2439.001.002', '622280.2439.001.002.001', '622280.2439.001.002.001.B', '522131', 144000000, '2015-10-18 09:49:08', 1, '2015-10-18 09:49:08', 1),
(29, '622280.2439.001.002.001.B.522141', 1, 2014, '622280', '622280.2439', '622280.2439.001', '622280.2439.001.002', '622280.2439.001.002.001', '622280.2439.001.002.001.B', '522141', 57520000, '2015-10-18 09:49:08', 1, '2015-10-18 09:49:08', 1),
(30, '622280.2439.001.002.001.B.522151', 1, 2014, '622280', '622280.2439', '622280.2439.001', '622280.2439.001.002', '622280.2439.001.002.001', '622280.2439.001.002.001.B', '522151', 59400000, '2015-10-18 09:49:08', 1, '2015-10-18 09:49:08', 1),
(31, '622280.2439.001.002.002.A.521211', 1, 2014, '622280', '622280.2439', '622280.2439.001', '622280.2439.001.002', '622280.2439.001.002.002', '622280.2439.001.002.002.A', '521211', 19800000, '2015-10-18 09:49:08', 1, '2015-10-18 09:49:08', 1),
(32, '622280.2439.001.002.002.A.521213', 1, 2014, '622280', '622280.2439', '622280.2439.001', '622280.2439.001.002', '622280.2439.001.002.002', '622280.2439.001.002.002.A', '521213', 7800000, '2015-10-18 09:49:08', 1, '2015-10-18 09:49:08', 1),
(33, '622280.2439.001.002.002.A.522131', 1, 2014, '622280', '622280.2439', '622280.2439.001', '622280.2439.001.002', '622280.2439.001.002.002', '622280.2439.001.002.002.A', '522131', 7800001, '2015-10-18 09:49:08', 1, '2015-10-18 09:49:08', 1),
(34, '622280.2439.001.002.002.A.522141', 1, 2014, '622280', '622280.2439', '622280.2439.001', '622280.2439.001.002', '622280.2439.001.002.002', '622280.2439.001.002.002.A', '522141', 59400000, '2015-10-18 09:49:08', 1, '2015-10-18 09:49:08', 1),
(35, '622280.2439.001.002.002.A.522151', 1, 2014, '622280', '622280.2439', '622280.2439.001', '622280.2439.001.002', '622280.2439.001.002.002', '622280.2439.001.002.002.A', '522151', 19800000, '2015-10-18 09:49:08', 1, '2015-10-18 09:49:08', 1),
(36, '622280.2439.001.002.002.B.521211', 1, 2014, '622280', '622280.2439', '622280.2439.001', '622280.2439.001.002', '622280.2439.001.002.002', '622280.2439.001.002.002.B', '521211', 7800000, '2015-10-18 09:49:08', 1, '2015-10-18 09:49:08', 1),
(37, '622280.2439.001.002.002.B.521213', 1, 2014, '622280', '622280.2439', '622280.2439.001', '622280.2439.001.002', '622280.2439.001.002.002', '622280.2439.001.002.002.B', '521213', 14999999, '2015-10-18 09:49:09', 1, '2015-10-18 09:49:09', 1),
(38, '622280.2439.001.002.002.B.522131', 1, 2014, '622280', '622280.2439', '622280.2439.001', '622280.2439.001.002', '622280.2439.001.002.002', '622280.2439.001.002.002.B', '522131', 15000000, '2015-10-18 09:49:09', 1, '2015-10-18 09:49:09', 1),
(39, '622280.2439.001.002.002.B.522141', 1, 2014, '622280', '622280.2439', '622280.2439.001', '622280.2439.001.002', '622280.2439.001.002.002', '622280.2439.001.002.002.B', '522141', 5000000, '2015-10-18 09:49:09', 1, '2015-10-18 09:49:09', 1),
(40, '622280.2439.001.002.002.B.522151', 1, 2014, '622280', '622280.2439', '622280.2439.001', '622280.2439.001.002', '622280.2439.001.002.002', '622280.2439.001.002.002.B', '522151', 5000001, '2015-10-18 09:49:09', 1, '2015-10-18 09:49:09', 1),
(41, '622280.2439.002.001.001.A.521211', 1, 2014, '622280', '622280.2439', '622280.2439.002', '622280.2439.002.001', '622280.2439.002.001.001', '622280.2439.002.001.001.A', '521211', 17000000, '2015-10-18 09:49:09', 1, '2015-10-18 09:49:09', 1),
(42, '622280.2439.002.001.001.A.521213', 1, 2014, '622280', '622280.2439', '622280.2439.002', '622280.2439.002.001', '622280.2439.002.001.001', '622280.2439.002.001.001.A', '521213', 5000000, '2015-10-18 09:49:09', 1, '2015-10-18 09:49:09', 1),
(43, '622280.2439.002.001.001.A.522131', 1, 2014, '622280', '622280.2439', '622280.2439.002', '622280.2439.002.001', '622280.2439.002.001.001', '622280.2439.002.001.001.A', '522131', 5000001, '2015-10-18 09:49:09', 1, '2015-10-18 09:49:09', 1),
(44, '622280.2439.002.001.001.A.522141', 1, 2014, '622280', '622280.2439', '622280.2439.002', '622280.2439.002.001', '622280.2439.002.001.001', '622280.2439.002.001.001.A', '522141', 5000002, '2015-10-18 09:49:09', 1, '2015-10-18 09:49:09', 1),
(45, '622280.2439.002.001.001.A.522151', 1, 2014, '622280', '622280.2439', '622280.2439.002', '622280.2439.002.001', '622280.2439.002.001.001', '622280.2439.002.001.001.A', '522151', 5000000, '2015-10-18 09:49:09', 1, '2015-10-18 09:49:09', 1),
(46, '622280.2439.002.001.001.B.521211', 1, 2014, '622280', '622280.2439', '622280.2439.002', '622280.2439.002.001', '622280.2439.002.001.001', '622280.2439.002.001.001.B', '521211', 20999999, '2015-10-18 09:49:09', 1, '2015-10-18 09:49:09', 1),
(47, '622280.2439.002.001.001.B.521213', 1, 2014, '622280', '622280.2439', '622280.2439.002', '622280.2439.002.001', '622280.2439.002.001.001', '622280.2439.002.001.001.B', '521213', 21000000, '2015-10-18 09:49:09', 1, '2015-10-18 09:49:09', 1),
(48, '622280.2439.002.001.001.B.522131', 1, 2014, '622280', '622280.2439', '622280.2439.002', '622280.2439.002.001', '622280.2439.002.001.001', '622280.2439.002.001.001.B', '522131', 5000000, '2015-10-18 09:49:09', 1, '2015-10-18 09:49:09', 1),
(49, '622280.2439.002.001.001.B.522141', 1, 2014, '622280', '622280.2439', '622280.2439.002', '622280.2439.002.001', '622280.2439.002.001.001', '622280.2439.002.001.001.B', '522141', 30149999, '2015-10-18 09:49:09', 1, '2015-10-18 09:49:09', 1),
(50, '622280.2439.002.001.001.B.522151', 1, 2014, '622280', '622280.2439', '622280.2439.002', '622280.2439.002.001', '622280.2439.002.001.001', '622280.2439.002.001.001.B', '522151', 30150000, '2015-10-18 09:49:09', 1, '2015-10-18 09:49:09', 1),
(51, '622280.2439.002.001.002.A.521211', 1, 2014, '622280', '622280.2439', '622280.2439.002', '622280.2439.002.001', '622280.2439.002.001.002', '622280.2439.002.001.002.A', '521211', 2119999, '2015-10-18 09:49:09', 1, '2015-10-18 09:49:09', 1),
(52, '622280.2439.002.001.002.A.521213', 1, 2014, '622280', '622280.2439', '622280.2439.002', '622280.2439.002.001', '622280.2439.002.001.002', '622280.2439.002.001.002.A', '521213', 2120000, '2015-10-18 09:49:09', 1, '2015-10-18 09:49:09', 1),
(53, '622280.2439.002.001.002.A.522131', 1, 2014, '622280', '622280.2439', '622280.2439.002', '622280.2439.002.001', '622280.2439.002.001.002', '622280.2439.002.001.002.A', '522131', 2650000, '2015-10-18 09:49:09', 1, '2015-10-18 09:49:09', 1),
(54, '622280.2439.002.001.002.A.522141', 1, 2014, '622280', '622280.2439', '622280.2439.002', '622280.2439.002.001', '622280.2439.002.001.002', '622280.2439.002.001.002.A', '522141', 2650001, '2015-10-18 09:49:09', 1, '2015-10-18 09:49:09', 1),
(55, '622280.2439.002.001.002.A.522151', 1, 2014, '622280', '622280.2439', '622280.2439.002', '622280.2439.002.001', '622280.2439.002.001.002', '622280.2439.002.001.002.A', '522151', 2120000, '2015-10-18 09:49:10', 1, '2015-10-18 09:49:10', 1),
(56, '622280.2439.002.001.002.B.521211', 1, 2014, '622280', '622280.2439', '622280.2439.002', '622280.2439.002.001', '622280.2439.002.001.002', '622280.2439.002.001.002.B', '521211', 2650000, '2015-10-18 09:49:10', 1, '2015-10-18 09:49:10', 1),
(57, '622280.2439.002.001.002.B.521213', 1, 2014, '622280', '622280.2439', '622280.2439.002', '622280.2439.002.001', '622280.2439.002.001.002', '622280.2439.002.001.002.B', '521213', 2650001, '2015-10-18 09:49:10', 1, '2015-10-18 09:49:10', 1),
(58, '622280.2439.002.001.002.B.522131', 1, 2014, '622280', '622280.2439', '622280.2439.002', '622280.2439.002.001', '622280.2439.002.001.002', '622280.2439.002.001.002.B', '522131', 15000000, '2015-10-18 09:49:10', 1, '2015-10-18 09:49:10', 1),
(59, '622280.2439.002.001.002.B.522141', 1, 2014, '622280', '622280.2439', '622280.2439.002', '622280.2439.002.001', '622280.2439.002.001.002', '622280.2439.002.001.002.B', '522141', 15000001, '2015-10-18 09:49:10', 1, '2015-10-18 09:49:10', 1),
(60, '622280.2439.002.001.002.B.522151', 1, 2014, '622280', '622280.2439', '622280.2439.002', '622280.2439.002.001', '622280.2439.002.001.002', '622280.2439.002.001.002.B', '522151', 2500000, '2015-10-18 09:49:10', 1, '2015-10-18 09:49:10', 1),
(61, '622280.2439.002.002.001.A.521211', 1, 2014, '622280', '622280.2439', '622280.2439.002', '622280.2439.002.002', '622280.2439.002.002.001', '622280.2439.002.002.001.A', '521211', 2000000, '2015-10-18 09:49:10', 1, '2015-10-18 09:49:10', 1),
(62, '622280.2439.002.002.001.A.521213', 1, 2014, '622280', '622280.2439', '622280.2439.002', '622280.2439.002.002', '622280.2439.002.002.001', '622280.2439.002.002.001.A', '521213', 1500000, '2015-10-18 09:49:10', 1, '2015-10-18 09:49:10', 1),
(63, '622280.2439.002.002.001.A.522131', 1, 2014, '622280', '622280.2439', '622280.2439.002', '622280.2439.002.002', '622280.2439.002.002.001', '622280.2439.002.002.001.A', '522131', 3000000, '2015-10-18 09:49:10', 1, '2015-10-18 09:49:10', 1),
(64, '622280.2439.002.002.001.A.522141', 1, 2014, '622280', '622280.2439', '622280.2439.002', '622280.2439.002.002', '622280.2439.002.002.001', '622280.2439.002.002.001.A', '522141', 3000001, '2015-10-18 09:49:10', 1, '2015-10-18 09:49:10', 1),
(65, '622280.2439.002.002.001.A.522151', 1, 2014, '622280', '622280.2439', '622280.2439.002', '622280.2439.002.002', '622280.2439.002.002.001', '622280.2439.002.002.001.A', '522151', 4500000, '2015-10-18 09:49:10', 1, '2015-10-18 09:49:10', 1),
(66, '622280.2439.002.002.001.B.521211', 1, 2014, '622280', '622280.2439', '622280.2439.002', '622280.2439.002.002', '622280.2439.002.002.001', '622280.2439.002.002.001.B', '521211', 4500000, '2015-10-18 09:49:10', 1, '2015-10-18 09:49:10', 1),
(67, '622280.2439.002.002.001.B.521213', 1, 2014, '622280', '622280.2439', '622280.2439.002', '622280.2439.002.002', '622280.2439.002.002.001', '622280.2439.002.002.001.B', '521213', 13500000, '2015-10-18 09:49:10', 1, '2015-10-18 09:49:10', 1),
(68, '622280.2439.002.002.001.B.522131', 1, 2014, '622280', '622280.2439', '622280.2439.002', '622280.2439.002.002', '622280.2439.002.002.001', '622280.2439.002.002.001.B', '522131', 13500001, '2015-10-18 09:49:10', 1, '2015-10-18 09:49:10', 1),
(69, '622280.2439.002.002.001.B.522141', 1, 2014, '622280', '622280.2439', '622280.2439.002', '622280.2439.002.002', '622280.2439.002.002.001', '622280.2439.002.002.001.B', '522141', 2500000, '2015-10-18 09:49:10', 1, '2015-10-18 09:49:10', 1),
(70, '622280.2439.002.002.001.B.522151', 1, 2014, '622280', '622280.2439', '622280.2439.002', '622280.2439.002.002', '622280.2439.002.002.001', '622280.2439.002.002.001.B', '522151', 3000000, '2015-10-18 09:49:10', 1, '2015-10-18 09:49:10', 1),
(71, '622280.2439.002.002.002.A.521211', 1, 2014, '622280', '622280.2439', '622280.2439.002', '622280.2439.002.002', '622280.2439.002.002.002', '622280.2439.002.002.002.A', '521211', 2000000, '2015-10-18 09:49:10', 1, '2015-10-18 09:49:10', 1),
(72, '622280.2439.002.002.002.A.521213', 1, 2014, '622280', '622280.2439', '622280.2439.002', '622280.2439.002.002', '622280.2439.002.002.002', '622280.2439.002.002.002.A', '521213', 2000001, '2015-10-18 09:49:10', 1, '2015-10-18 09:49:10', 1),
(73, '622280.2439.002.002.002.A.522131', 1, 2014, '622280', '622280.2439', '622280.2439.002', '622280.2439.002.002', '622280.2439.002.002.002', '622280.2439.002.002.002.A', '522131', 2500000, '2015-10-18 09:49:10', 1, '2015-10-18 09:49:10', 1),
(74, '622280.2439.002.002.002.A.522141', 1, 2014, '622280', '622280.2439', '622280.2439.002', '622280.2439.002.002', '622280.2439.002.002.002', '622280.2439.002.002.002.A', '522141', 3000000, '2015-10-18 09:49:11', 1, '2015-10-18 09:49:11', 1),
(75, '622280.2439.002.002.002.A.522151', 1, 2014, '622280', '622280.2439', '622280.2439.002', '622280.2439.002.002', '622280.2439.002.002.002', '622280.2439.002.002.002.A', '522151', 2000000, '2015-10-18 09:49:11', 1, '2015-10-18 09:49:11', 1),
(76, '622280.2439.002.002.002.B.521211', 1, 2014, '622280', '622280.2439', '622280.2439.002', '622280.2439.002.002', '622280.2439.002.002.002', '622280.2439.002.002.002.B', '521211', 2000001, '2015-10-18 09:49:11', 1, '2015-10-18 09:49:11', 1),
(77, '622280.2439.002.002.002.B.521213', 1, 2014, '622280', '622280.2439', '622280.2439.002', '622280.2439.002.002', '622280.2439.002.002.002', '622280.2439.002.002.002.B', '521213', 2000002, '2015-10-18 09:49:11', 1, '2015-10-18 09:49:11', 1),
(78, '622280.2439.002.002.002.B.522131', 1, 2014, '622280', '622280.2439', '622280.2439.002', '622280.2439.002.002', '622280.2439.002.002.002', '622280.2439.002.002.002.B', '522131', 2000003, '2015-10-18 09:49:11', 1, '2015-10-18 09:49:11', 1),
(79, '622280.2439.002.002.002.B.522141', 1, 2014, '622280', '622280.2439', '622280.2439.002', '622280.2439.002.002', '622280.2439.002.002.002', '622280.2439.002.002.002.B', '522141', 2000004, '2015-10-18 09:49:11', 1, '2015-10-18 09:49:11', 1),
(80, '622280.2439.002.002.002.B.522151', 1, 2014, '622280', '622280.2439', '622280.2439.002', '622280.2439.002.002', '622280.2439.002.002.002', '622280.2439.002.002.002.B', '522151', 2000005, '2015-10-18 09:49:11', 1, '2015-10-18 09:49:11', 1),
(81, '622280.2439.003.001.001.A.521211', 1, 2014, '622280', '622280.2439', '622280.2439.003', '622280.2439.003.001', '622280.2439.003.001.001', '622280.2439.003.001.001.A', '521211', 120000000, '2015-10-18 09:49:11', 1, '2015-10-18 09:49:11', 1),
(82, '622280.2439.003.001.001.A.521213', 1, 2014, '622280', '622280.2439', '622280.2439.003', '622280.2439.003.001', '622280.2439.003.001.001', '622280.2439.003.001.001.A', '521213', 60000000, '2015-10-18 09:49:11', 1, '2015-10-18 09:49:11', 1),
(83, '622280.2439.003.001.001.A.522131', 1, 2014, '622280', '622280.2439', '622280.2439.003', '622280.2439.003.001', '622280.2439.003.001.001', '622280.2439.003.001.001.A', '522131', 71999999, '2015-10-18 09:49:11', 1, '2015-10-18 09:49:11', 1),
(84, '622280.2439.003.001.001.A.522141', 1, 2014, '622280', '622280.2439', '622280.2439.003', '622280.2439.003.001', '622280.2439.003.001.001', '622280.2439.003.001.001.A', '522141', 72000000, '2015-10-18 09:49:11', 1, '2015-10-18 09:49:11', 1),
(85, '622280.2439.003.001.001.A.522151', 1, 2014, '622280', '622280.2439', '622280.2439.003', '622280.2439.003.001', '622280.2439.003.001.001', '622280.2439.003.001.001.A', '522151', 144000000, '2015-10-18 09:49:11', 1, '2015-10-18 09:49:11', 1),
(86, '622280.2439.003.001.001.B.521211', 1, 2014, '622280', '622280.2439', '622280.2439.003', '622280.2439.003.001', '622280.2439.003.001.001', '622280.2439.003.001.001.B', '521211', 5682800, '2015-10-18 09:49:11', 1, '2015-10-18 09:49:11', 1),
(87, '622280.2439.003.001.001.B.521213', 1, 2014, '622280', '622280.2439', '622280.2439.003', '622280.2439.003.001', '622280.2439.003.001.001', '622280.2439.003.001.001.B', '521213', 72000000, '2015-10-18 09:49:11', 1, '2015-10-18 09:49:11', 1),
(88, '622280.2439.003.001.001.B.522131', 1, 2014, '622280', '622280.2439', '622280.2439.003', '622280.2439.003.001', '622280.2439.003.001.001', '622280.2439.003.001.001.B', '522131', 180000000, '2015-10-18 09:49:11', 1, '2015-10-18 09:49:11', 1),
(89, '622280.2439.003.001.001.B.522141', 1, 2014, '622280', '622280.2439', '622280.2439.003', '622280.2439.003.001', '622280.2439.003.001.001', '622280.2439.003.001.001.B', '522141', 8956000, '2015-10-18 09:49:11', 1, '2015-10-18 09:49:11', 1),
(90, '622280.2439.003.001.001.B.522151', 1, 2014, '622280', '622280.2439', '622280.2439.003', '622280.2439.003.001', '622280.2439.003.001.001', '622280.2439.003.001.001.B', '522151', 72000000, '2015-10-18 09:49:12', 1, '2015-10-18 09:49:12', 1),
(91, '622280.2439.003.001.002.A.521211', 1, 2014, '622280', '622280.2439', '622280.2439.003', '622280.2439.003.001', '622280.2439.003.001.002', '622280.2439.003.001.002.A', '521211', 216000000, '2015-10-18 09:49:12', 1, '2015-10-18 09:49:12', 1),
(92, '622280.2439.003.001.002.A.521213', 1, 2014, '622280', '622280.2439', '622280.2439.003', '622280.2439.003.001', '622280.2439.003.001.002', '622280.2439.003.001.002.A', '521213', 47700000, '2015-10-18 09:49:12', 1, '2015-10-18 09:49:12', 1),
(93, '622280.2439.003.001.002.A.522131', 1, 2014, '622280', '622280.2439', '622280.2439.003', '622280.2439.003.001', '622280.2439.003.001.002', '622280.2439.003.001.002.A', '522131', 24000000, '2015-10-18 09:49:12', 1, '2015-10-18 09:49:12', 1),
(94, '622280.2439.003.001.002.A.522141', 1, 2014, '622280', '622280.2439', '622280.2439.003', '622280.2439.003.001', '622280.2439.003.001.002', '622280.2439.003.001.002.A', '522141', 55600000, '2015-10-18 09:49:12', 1, '2015-10-18 09:49:12', 1),
(95, '622280.2439.003.001.002.A.522151', 1, 2014, '622280', '622280.2439', '622280.2439.003', '622280.2439.003.001', '622280.2439.003.001.002', '622280.2439.003.001.002.A', '522151', 24000000, '2015-10-18 09:49:12', 1, '2015-10-18 09:49:12', 1),
(96, '622280.2439.003.001.002.B.521211', 1, 2014, '622280', '622280.2439', '622280.2439.003', '622280.2439.003.001', '622280.2439.003.001.002', '622280.2439.003.001.002.B', '521211', 45600000, '2015-10-18 09:49:12', 1, '2015-10-18 09:49:12', 1),
(97, '622280.2439.003.001.002.B.521213', 1, 2014, '622280', '622280.2439', '622280.2439.003', '622280.2439.003.001', '622280.2439.003.001.002', '622280.2439.003.001.002.B', '521213', 30250000, '2015-10-18 09:49:12', 1, '2015-10-18 09:49:12', 1),
(98, '622280.2439.003.001.002.B.522131', 1, 2014, '622280', '622280.2439', '622280.2439.003', '622280.2439.003.001', '622280.2439.003.001.002', '622280.2439.003.001.002.B', '522131', 452000, '2015-10-18 09:49:12', 1, '2015-10-18 09:49:12', 1),
(99, '622280.2439.003.001.002.B.522141', 1, 2014, '622280', '622280.2439', '622280.2439.003', '622280.2439.003.001', '622280.2439.003.001.002', '622280.2439.003.001.002.B', '522141', 72600000, '2015-10-18 09:49:12', 1, '2015-10-18 09:49:12', 1),
(100, '622280.2439.003.001.002.B.522151', 1, 2014, '622280', '622280.2439', '622280.2439.003', '622280.2439.003.001', '622280.2439.003.001.002', '622280.2439.003.001.002.B', '522151', 24200000, '2015-10-18 09:49:12', 1, '2015-10-18 09:49:12', 1),
(101, '622280.2439.003.002.001.A.521211', 1, 2014, '622280', '622280.2439', '622280.2439.003', '622280.2439.003.002', '622280.2439.003.002.001', '622280.2439.003.002.001.A', '521211', 13000000, '2015-10-18 09:49:12', 1, '2015-10-18 09:49:12', 1),
(102, '622280.2439.003.002.001.A.521213', 1, 2014, '622280', '622280.2439', '622280.2439.003', '622280.2439.003.002', '622280.2439.003.002.001', '622280.2439.003.002.001.A', '521213', 690000, '2015-10-18 09:49:12', 1, '2015-10-18 09:49:12', 1),
(103, '622280.2439.003.002.001.A.522131', 1, 2014, '622280', '622280.2439', '622280.2439.003', '622280.2439.003.002', '622280.2439.003.002.001', '622280.2439.003.002.001.A', '522131', 79200000, '2015-10-18 09:49:12', 1, '2015-10-18 09:49:12', 1),
(104, '622280.2439.003.002.001.A.522141', 1, 2014, '622280', '622280.2439', '622280.2439.003', '622280.2439.003.002', '622280.2439.003.002.001', '622280.2439.003.002.001.A', '522141', 26400000, '2015-10-18 09:49:12', 1, '2015-10-18 09:49:12', 1),
(105, '622280.2439.003.002.001.A.522151', 1, 2014, '622280', '622280.2439', '622280.2439.003', '622280.2439.003.002', '622280.2439.003.002.001', '622280.2439.003.002.001.A', '522151', 13000000, '2015-10-18 09:49:12', 1, '2015-10-18 09:49:12', 1),
(106, '622280.2439.003.002.001.B.521211', 1, 2014, '622280', '622280.2439', '622280.2439.003', '622280.2439.003.002', '622280.2439.003.002.001', '622280.2439.003.002.001.B', '521211', 560042000, '2015-10-18 09:49:12', 1, '2015-10-18 09:49:12', 1),
(107, '622280.2439.003.002.001.B.521213', 1, 2014, '622280', '622280.2439', '622280.2439.003', '622280.2439.003.002', '622280.2439.003.002.001', '622280.2439.003.002.001.B', '521213', 5500000, '2015-10-18 09:49:12', 1, '2015-10-18 09:49:12', 1),
(108, '622280.2439.003.002.001.B.522131', 1, 2014, '622280', '622280.2439', '622280.2439.003', '622280.2439.003.002', '622280.2439.003.002.001', '622280.2439.003.002.001.B', '522131', 5555000, '2015-10-18 09:49:12', 1, '2015-10-18 09:49:12', 1),
(109, '622280.2439.003.002.001.B.522141', 1, 2014, '622280', '622280.2439', '622280.2439.003', '622280.2439.003.002', '622280.2439.003.002.001', '622280.2439.003.002.001.B', '522141', 5500000, '2015-10-18 09:49:12', 1, '2015-10-18 09:49:12', 1),
(110, '622280.2439.003.002.001.B.522151', 1, 2014, '622280', '622280.2439', '622280.2439.003', '622280.2439.003.002', '622280.2439.003.002.001', '622280.2439.003.002.001.B', '522151', 45780000, '2015-10-18 09:49:12', 1, '2015-10-18 09:49:12', 1),
(111, '622280.2439.003.002.002.A.521211', 1, 2014, '622280', '622280.2439', '622280.2439.003', '622280.2439.003.002', '622280.2439.003.002.002', '622280.2439.003.002.002.A', '521211', 85800000, '2015-10-18 09:49:13', 1, '2015-10-18 09:49:13', 1),
(112, '622280.2439.003.002.002.A.521213', 1, 2014, '622280', '622280.2439', '622280.2439.003', '622280.2439.003.002', '622280.2439.003.002.002', '622280.2439.003.002.002.A', '521213', 28600000, '2015-10-18 09:49:13', 1, '2015-10-18 09:49:13', 1),
(113, '622280.2439.003.002.002.A.522131', 1, 2014, '622280', '622280.2439', '622280.2439.003', '622280.2439.003.002', '622280.2439.003.002.002', '622280.2439.003.002.002.A', '522131', 13000000, '2015-10-18 09:49:13', 1, '2015-10-18 09:49:13', 1),
(114, '622280.2439.003.002.002.A.522141', 1, 2014, '622280', '622280.2439', '622280.2439.003', '622280.2439.003.002', '622280.2439.003.002.002', '622280.2439.003.002.002.A', '522141', 554000, '2015-10-18 09:49:13', 1, '2015-10-18 09:49:13', 1),
(115, '622280.2439.003.002.002.A.522151', 1, 2014, '622280', '622280.2439', '622280.2439.003', '622280.2439.003.002', '622280.2439.003.002.002', '622280.2439.003.002.002.A', '522151', 7101000, '2015-10-18 09:49:13', 1, '2015-10-18 09:49:13', 1),
(116, '622280.2439.003.002.002.B.521211', 1, 2014, '622280', '622280.2439', '622280.2439.003', '622280.2439.003.002', '622280.2439.003.002.002', '622280.2439.003.002.002.B', '521211', 65000000, '2015-10-18 09:49:13', 1, '2015-10-18 09:49:13', 1),
(117, '622280.2439.003.002.002.B.521213', 1, 2014, '622280', '622280.2439', '622280.2439.003', '622280.2439.003.002', '622280.2439.003.002.002', '622280.2439.003.002.002.B', '521213', 3000000, '2015-10-18 09:49:13', 1, '2015-10-18 09:49:13', 1),
(118, '622280.2439.003.002.002.B.522131', 1, 2014, '622280', '622280.2439', '622280.2439.003', '622280.2439.003.002', '622280.2439.003.002.002', '622280.2439.003.002.002.B', '522131', 7500000, '2015-10-18 09:49:13', 1, '2015-10-18 09:49:13', 1),
(119, '622280.2439.003.002.002.B.522141', 1, 2014, '622280', '622280.2439', '622280.2439.003', '622280.2439.003.002', '622280.2439.003.002.002', '622280.2439.003.002.002.B', '522141', 9965300, '2015-10-18 09:49:13', 1, '2015-10-18 09:49:13', 1),
(120, '622280.2439.003.002.002.B.522151', 1, 2014, '622280', '622280.2439', '622280.2439.003', '622280.2439.003.002', '622280.2439.003.002.002', '622280.2439.003.002.002.B', '522151', 3000000, '2015-10-18 09:49:13', 1, '2015-10-18 09:49:13', 1),
(121, '622280.2439.004.001.001.A.521211', 1, 2014, '622280', '622280.2439', '622280.2439.004', '622280.2439.004.001', '622280.2439.004.001.001', '622280.2439.004.001.001.A', '521211', 7500000, '2015-10-18 09:49:13', 1, '2015-10-18 09:49:13', 1),
(122, '622280.2439.004.001.001.A.521213', 1, 2014, '622280', '622280.2439', '622280.2439.004', '622280.2439.004.001', '622280.2439.004.001.001', '622280.2439.004.001.001.A', '521213', 10800000, '2015-10-18 09:49:13', 1, '2015-10-18 09:49:13', 1),
(123, '622280.2439.004.001.001.A.522131', 1, 2014, '622280', '622280.2439', '622280.2439.004', '622280.2439.004.001', '622280.2439.004.001.001', '622280.2439.004.001.001.A', '522131', 65487000, '2015-10-18 09:49:13', 1, '2015-10-18 09:49:13', 1),
(124, '622280.2439.004.001.001.A.522141', 1, 2014, '622280', '622280.2439', '622280.2439.004', '622280.2439.004.001', '622280.2439.004.001.001', '622280.2439.004.001.001.A', '522141', 6000000, '2015-10-18 09:49:13', 1, '2015-10-18 09:49:13', 1),
(125, '622280.2439.004.001.001.A.522151', 1, 2014, '622280', '622280.2439', '622280.2439.004', '622280.2439.004.001', '622280.2439.004.001.001', '622280.2439.004.001.001.A', '522151', 4500000, '2015-10-18 09:49:13', 1, '2015-10-18 09:49:13', 1),
(126, '622280.2439.004.001.001.B.521211', 1, 2014, '622280', '622280.2439', '622280.2439.004', '622280.2439.004.001', '622280.2439.004.001.001', '622280.2439.004.001.001.B', '521211', 22500000, '2015-10-18 09:49:13', 1, '2015-10-18 09:49:13', 1),
(127, '622280.2439.004.001.001.B.521213', 1, 2014, '622280', '622280.2439', '622280.2439.004', '622280.2439.004.001', '622280.2439.004.001.001', '622280.2439.004.001.001.B', '521213', 660660000, '2015-10-18 09:49:13', 1, '2015-10-18 09:49:13', 1),
(128, '622280.2439.004.001.001.B.522131', 1, 2014, '622280', '622280.2439', '622280.2439.004', '622280.2439.004.001', '622280.2439.004.001.001', '622280.2439.004.001.001.B', '522131', 672797000, '2015-10-18 09:49:14', 1, '2015-10-18 09:49:14', 1),
(129, '622280.2439.004.001.001.B.522141', 1, 2014, '622280', '622280.2439', '622280.2439.004', '622280.2439.004.001', '622280.2439.004.001.001', '622280.2439.004.001.001.B', '522141', 664774000, '2015-10-18 09:49:14', 1, '2015-10-18 09:49:14', 1),
(130, '622280.2439.004.001.001.B.522151', 1, 2014, '622280', '622280.2439', '622280.2439.004', '622280.2439.004.001', '622280.2439.004.001.001', '622280.2439.004.001.001.B', '522151', 6653000, '2015-10-18 09:49:14', 1, '2015-10-18 09:49:14', 1),
(131, '622280.2439.004.001.002.A.521211', 1, 2014, '622280', '622280.2439', '622280.2439.004', '622280.2439.004.001', '622280.2439.004.001.002', '622280.2439.004.001.002.A', '521211', 3600000, '2015-10-18 09:49:14', 1, '2015-10-18 09:49:14', 1),
(132, '622280.2439.004.001.002.A.521213', 1, 2014, '622280', '622280.2439', '622280.2439.004', '622280.2439.004.001', '622280.2439.004.001.002', '622280.2439.004.001.002.A', '521213', 6000000, '2015-10-18 09:49:14', 1, '2015-10-18 09:49:14', 1),
(133, '622280.2439.004.001.002.A.522131', 1, 2014, '622280', '622280.2439', '622280.2439.004', '622280.2439.004.001', '622280.2439.004.001.002', '622280.2439.004.001.002.A', '522131', 1800000, '2015-10-18 09:49:14', 1, '2015-10-18 09:49:14', 1),
(134, '622280.2439.004.001.002.A.522141', 1, 2014, '622280', '622280.2439', '622280.2439.004', '622280.2439.004.001', '622280.2439.004.001.002', '622280.2439.004.001.002.A', '522141', 88900000, '2015-10-18 09:49:14', 1, '2015-10-18 09:49:14', 1),
(135, '622280.2439.004.001.002.A.522151', 1, 2014, '622280', '622280.2439', '622280.2439.004', '622280.2439.004.001', '622280.2439.004.001.002', '622280.2439.004.001.002.A', '522151', 3600000, '2015-10-18 09:49:14', 1, '2015-10-18 09:49:14', 1),
(136, '622280.2439.004.001.002.B.521211', 1, 2014, '622280', '622280.2439', '622280.2439.004', '622280.2439.004.001', '622280.2439.004.001.002', '622280.2439.004.001.002.B', '521211', 6000000, '2015-10-18 09:49:14', 1, '2015-10-18 09:49:14', 1),
(137, '622280.2439.004.001.002.B.521213', 1, 2014, '622280', '622280.2439', '622280.2439.004', '622280.2439.004.001', '622280.2439.004.001.002', '622280.2439.004.001.002.B', '521213', 1800000, '2015-10-18 09:49:14', 1, '2015-10-18 09:49:14', 1),
(138, '622280.2439.004.001.002.B.522131', 1, 2014, '622280', '622280.2439', '622280.2439.004', '622280.2439.004.001', '622280.2439.004.001.002', '622280.2439.004.001.002.B', '522131', 451200, '2015-10-18 09:49:14', 1, '2015-10-18 09:49:14', 1),
(139, '622280.2439.004.001.002.B.522141', 1, 2014, '622280', '622280.2439', '622280.2439.004', '622280.2439.004.001', '622280.2439.004.001.002', '622280.2439.004.001.002.B', '522141', 144000000, '2015-10-18 09:49:14', 1, '2015-10-18 09:49:14', 1),
(140, '622280.2439.004.001.002.B.522151', 1, 2014, '622280', '622280.2439', '622280.2439.004', '622280.2439.004.001', '622280.2439.004.001.002', '622280.2439.004.001.002.B', '522151', 4470000, '2015-10-18 09:49:14', 1, '2015-10-18 09:49:14', 1),
(141, '622280.2439.004.002.001.A.521211', 1, 2014, '622280', '622280.2439', '622280.2439.004', '622280.2439.004.002', '622280.2439.004.002.001', '622280.2439.004.002.001.A', '521211', 144000000, '2015-10-18 09:49:14', 1, '2015-10-18 09:49:14', 1),
(142, '622280.2439.004.002.001.A.521213', 1, 2014, '622280', '622280.2439', '622280.2439.004', '622280.2439.004.002', '622280.2439.004.002.001', '622280.2439.004.002.001.A', '521213', 6635000, '2015-10-18 09:49:14', 1, '2015-10-18 09:49:14', 1),
(143, '622280.2439.004.002.001.A.522131', 1, 2014, '622280', '622280.2439', '622280.2439.004', '622280.2439.004.002', '622280.2439.004.002.001', '622280.2439.004.002.001.A', '522131', 59400000, '2015-10-18 09:49:14', 1, '2015-10-18 09:49:14', 1),
(144, '622280.2439.004.002.001.A.522141', 1, 2014, '622280', '622280.2439', '622280.2439.004', '622280.2439.004.002', '622280.2439.004.002.001', '622280.2439.004.002.001.A', '522141', 19800000, '2015-10-18 09:49:14', 1, '2015-10-18 09:49:14', 1),
(145, '622280.2439.004.002.001.A.522151', 1, 2014, '622280', '622280.2439', '622280.2439.004', '622280.2439.004.002', '622280.2439.004.002.001', '622280.2439.004.002.001.A', '522151', 7800000, '2015-10-18 09:49:14', 1, '2015-10-18 09:49:14', 1),
(146, '622280.2439.004.002.001.B.521211', 1, 2014, '622280', '622280.2439', '622280.2439.004', '622280.2439.004.002', '622280.2439.004.002.001', '622280.2439.004.002.001.B', '521211', 66690000, '2015-10-18 09:49:15', 1, '2015-10-18 09:49:15', 1),
(147, '622280.2439.004.002.001.B.521213', 1, 2014, '622280', '622280.2439', '622280.2439.004', '622280.2439.004.002', '622280.2439.004.002.001', '622280.2439.004.002.001.B', '521213', 59400000, '2015-10-18 09:49:15', 1, '2015-10-18 09:49:15', 1),
(148, '622280.2439.004.002.001.B.522131', 1, 2014, '622280', '622280.2439', '622280.2439.004', '622280.2439.004.002', '622280.2439.004.002.001', '622280.2439.004.002.001.B', '522131', 19800000, '2015-10-18 09:49:15', 1, '2015-10-18 09:49:15', 1),
(149, '622280.2439.004.002.001.B.522141', 1, 2014, '622280', '622280.2439', '622280.2439.004', '622280.2439.004.002', '622280.2439.004.002.001', '622280.2439.004.002.001.B', '522141', 7800000, '2015-10-18 09:49:15', 1, '2015-10-18 09:49:15', 1),
(150, '622280.2439.004.002.001.B.522151', 1, 2014, '622280', '622280.2439', '622280.2439.004', '622280.2439.004.002', '622280.2439.004.002.001', '622280.2439.004.002.001.B', '522151', 2099000, '2015-10-18 09:49:15', 1, '2015-10-18 09:49:15', 1),
(151, '622280.2439.004.002.002.A.521211', 1, 2014, '622280', '622280.2439', '622280.2439.004', '622280.2439.004.002', '622280.2439.004.002.002', '622280.2439.004.002.002.A', '521211', 3600000, '2015-10-18 09:49:15', 1, '2015-10-18 09:49:15', 1),
(152, '622280.2439.004.002.002.A.521213', 1, 2014, '622280', '622280.2439', '622280.2439.004', '622280.2439.004.002', '622280.2439.004.002.002', '622280.2439.004.002.002.A', '521213', 500000, '2015-10-18 09:49:15', 1, '2015-10-18 09:49:15', 1),
(153, '622280.2439.004.002.002.A.522131', 1, 2014, '622280', '622280.2439', '622280.2439.004', '622280.2439.004.002', '622280.2439.004.002.002', '622280.2439.004.002.002.A', '522131', 5545800, '2015-10-18 09:49:15', 1, '2015-10-18 09:49:15', 1),
(154, '622280.2439.004.002.002.A.522141', 1, 2014, '622280', '622280.2439', '622280.2439.004', '622280.2439.004.002', '622280.2439.004.002.002', '622280.2439.004.002.002.A', '522141', 2400000, '2015-10-18 09:49:15', 1, '2015-10-18 09:49:15', 1),
(155, '622280.2439.004.002.002.A.522151', 1, 2014, '622280', '622280.2439', '622280.2439.004', '622280.2439.004.002', '622280.2439.004.002.002', '622280.2439.004.002.002.A', '522151', 2100000, '2015-10-18 09:49:15', 1, '2015-10-18 09:49:15', 1),
(156, '622280.2439.004.002.002.B.521211', 1, 2014, '622280', '622280.2439', '622280.2439.004', '622280.2439.004.002', '622280.2439.004.002.002', '622280.2439.004.002.002.B', '521211', 12600000, '2015-10-18 09:49:15', 1, '2015-10-18 09:49:15', 1),
(157, '622280.2439.004.002.002.B.521213', 1, 2014, '622280', '622280.2439', '622280.2439.004', '622280.2439.004.002', '622280.2439.004.002.002', '622280.2439.004.002.002.B', '521213', 849937000, '2015-10-18 09:49:15', 1, '2015-10-18 09:49:15', 1),
(158, '622280.2439.004.002.002.B.522131', 1, 2014, '622280', '622280.2439', '622280.2439.004', '622280.2439.004.002', '622280.2439.004.002.002', '622280.2439.004.002.002.B', '522131', 25000000, '2015-10-18 09:49:15', 1, '2015-10-18 09:49:15', 1),
(159, '622280.2439.004.002.002.B.522141', 1, 2014, '622280', '622280.2439', '622280.2439.004', '622280.2439.004.002', '622280.2439.004.002.002', '622280.2439.004.002.002.B', '522141', 15000000, '2015-10-18 09:49:15', 1, '2015-10-18 09:49:15', 1),
(160, '622280.2439.004.002.002.B.522151', 1, 2014, '622280', '622280.2439', '622280.2439.004', '622280.2439.004.002', '622280.2439.004.002.002', '622280.2439.004.002.002.B', '522151', 50000000, '2015-10-18 09:49:15', 1, '2015-10-18 09:49:15', 1),
(161, '622280.2439.005.001.001.A.521211', 1, 2014, '622280', '622280.2439', '622280.2439.005', '622280.2439.005.001', '622280.2439.005.001.001', '622280.2439.005.001.001.A', '521211', 20000000, '2015-10-18 09:49:15', 1, '2015-10-18 09:49:15', 1),
(162, '622280.2439.005.001.001.A.521213', 1, 2014, '622280', '622280.2439', '622280.2439.005', '622280.2439.005.001', '622280.2439.005.001.001', '622280.2439.005.001.001.A', '521213', 4000000, '2015-10-18 09:49:15', 1, '2015-10-18 09:49:15', 1),
(163, '622280.2439.005.001.001.A.522131', 1, 2014, '622280', '622280.2439', '622280.2439.005', '622280.2439.005.001', '622280.2439.005.001.001', '622280.2439.005.001.001.A', '522131', 3000000, '2015-10-18 09:49:15', 1, '2015-10-18 09:49:15', 1),
(164, '622280.2439.005.001.001.A.522141', 1, 2014, '622280', '622280.2439', '622280.2439.005', '622280.2439.005.001', '622280.2439.005.001.001', '622280.2439.005.001.001.A', '522141', 3000000, '2015-10-18 09:49:16', 1, '2015-10-18 09:49:16', 1),
(165, '622280.2439.005.001.001.A.522151', 1, 2014, '622280', '622280.2439', '622280.2439.005', '622280.2439.005.001', '622280.2439.005.001.001', '622280.2439.005.001.001.A', '522151', 432000000, '2015-10-18 09:49:16', 1, '2015-10-18 09:49:16', 1),
(166, '622280.2439.005.001.001.B.521211', 1, 2014, '622280', '622280.2439', '622280.2439.005', '622280.2439.005.001', '622280.2439.005.001.001', '622280.2439.005.001.001.B', '521211', 168000000, '2015-10-18 09:49:16', 1, '2015-10-18 09:49:16', 1),
(167, '622280.2439.005.001.001.B.521213', 1, 2014, '622280', '622280.2439', '622280.2439.005', '622280.2439.005.001', '622280.2439.005.001.001', '622280.2439.005.001.001.B', '521213', 55623000, '2015-10-18 09:49:16', 1, '2015-10-18 09:49:16', 1),
(168, '622280.2439.005.001.001.B.522131', 1, 2014, '622280', '622280.2439', '622280.2439.005', '622280.2439.005.001', '622280.2439.005.001.001', '622280.2439.005.001.001.B', '522131', 53904000, '2015-10-18 09:49:16', 1, '2015-10-18 09:49:16', 1),
(169, '622280.2439.005.001.001.B.522141', 1, 2014, '622280', '622280.2439', '622280.2439.005', '622280.2439.005.001', '622280.2439.005.001.001', '622280.2439.005.001.001.B', '522141', 4080000, '2015-10-18 09:49:16', 1, '2015-10-18 09:49:16', 1),
(170, '622280.2439.005.001.001.B.522151', 1, 2014, '622280', '622280.2439', '622280.2439.005', '622280.2439.005.001', '622280.2439.005.001.001', '622280.2439.005.001.001.B', '522151', 2280000, '2015-10-18 09:49:16', 1, '2015-10-18 09:49:16', 1),
(171, '622280.2439.005.001.002.A.521211', 1, 2014, '622280', '622280.2439', '622280.2439.005', '622280.2439.005.001', '622280.2439.005.001.002', '622280.2439.005.001.002.A', '521211', 15170000, '2015-10-18 09:49:16', 1, '2015-10-18 09:49:16', 1),
(172, '622280.2439.005.001.002.A.521213', 1, 2014, '622280', '622280.2439', '622280.2439.005', '622280.2439.005.001', '622280.2439.005.001.002', '622280.2439.005.001.002.A', '521213', 72150000, '2015-10-18 09:49:16', 1, '2015-10-18 09:49:16', 1),
(173, '622280.2439.005.001.002.A.522131', 1, 2014, '622280', '622280.2439', '622280.2439.005', '622280.2439.005.001', '622280.2439.005.001.002', '622280.2439.005.001.002.A', '522131', 13320000, '2015-10-18 09:49:16', 1, '2015-10-18 09:49:16', 1),
(174, '622280.2439.005.001.002.A.522141', 1, 2014, '622280', '622280.2439', '622280.2439.005', '622280.2439.005.001', '622280.2439.005.001.002', '622280.2439.005.001.002.A', '522141', 8640000, '2015-10-18 09:49:16', 1, '2015-10-18 09:49:16', 1),
(175, '622280.2439.005.001.002.A.522151', 1, 2014, '622280', '622280.2439', '622280.2439.005', '622280.2439.005.001', '622280.2439.005.001.002', '622280.2439.005.001.002.A', '522151', 9000000, '2015-10-18 09:49:16', 1, '2015-10-18 09:49:16', 1),
(176, '622280.2439.005.001.002.B.521211', 1, 2014, '622280', '622280.2439', '622280.2439.005', '622280.2439.005.001', '622280.2439.005.001.002', '622280.2439.005.001.002.B', '521211', 2750000, '2015-10-18 09:49:16', 1, '2015-10-18 09:49:16', 1),
(177, '622280.2439.005.001.002.B.521213', 1, 2014, '622280', '622280.2439', '622280.2439.005', '622280.2439.005.001', '622280.2439.005.001.002', '622280.2439.005.001.002.B', '521213', 44470000, '2015-10-18 09:49:16', 1, '2015-10-18 09:49:16', 1),
(178, '622280.2439.005.001.002.B.522131', 1, 2014, '622280', '622280.2439', '622280.2439.005', '622280.2439.005.001', '622280.2439.005.001.002', '622280.2439.005.001.002.B', '522131', 29520000, '2015-10-18 09:49:16', 1, '2015-10-18 09:49:16', 1),
(179, '622280.2439.005.001.002.B.522141', 1, 2014, '622280', '622280.2439', '622280.2439.005', '622280.2439.005.001', '622280.2439.005.001.002', '622280.2439.005.001.002.B', '522141', 4080000, '2015-10-18 09:49:16', 1, '2015-10-18 09:49:16', 1),
(180, '622280.2439.005.001.002.B.522151', 1, 2014, '622280', '622280.2439', '622280.2439.005', '622280.2439.005.001', '622280.2439.005.001.002', '622280.2439.005.001.002.B', '522151', 1440000, '2015-10-18 09:49:17', 1, '2015-10-18 09:49:17', 1),
(181, '622280.2439.005.002.001.A.521211', 1, 2014, '622280', '622280.2439', '622280.2439.005', '622280.2439.005.002', '622280.2439.005.002.001', '622280.2439.005.002.001.A', '521211', 13690000, '2015-10-18 09:49:17', 1, '2015-10-18 09:49:17', 1),
(182, '622280.2439.005.002.001.A.521213', 1, 2014, '622280', '622280.2439', '622280.2439.005', '622280.2439.005.002', '622280.2439.005.002.001', '622280.2439.005.002.001.A', '521213', 60606000, '2015-10-18 09:49:17', 1, '2015-10-18 09:49:17', 1),
(183, '622280.2439.005.002.001.A.522131', 1, 2014, '622280', '622280.2439', '622280.2439.005', '622280.2439.005.002', '622280.2439.005.002.001', '622280.2439.005.002.001.A', '522131', 14430000, '2015-10-18 09:49:17', 1, '2015-10-18 09:49:17', 1),
(184, '622280.2439.005.002.001.A.522141', 1, 2014, '622280', '622280.2439', '622280.2439.005', '622280.2439.005.002', '622280.2439.005.002.001', '622280.2439.005.002.001.A', '522141', 8880000, '2015-10-18 09:49:17', 1, '2015-10-18 09:49:17', 1),
(185, '622280.2439.005.002.001.A.522151', 1, 2014, '622280', '622280.2439', '622280.2439.005', '622280.2439.005.002', '622280.2439.005.002.001', '622280.2439.005.002.001.A', '522151', 9250000, '2015-10-18 09:49:17', 1, '2015-10-18 09:49:17', 1),
(186, '622280.2439.005.002.001.B.521211', 1, 2014, '622280', '622280.2439', '622280.2439.005', '622280.2439.005.002', '622280.2439.005.002.001', '622280.2439.005.002.001.B', '521211', 2750000, '2015-10-18 09:49:17', 1, '2015-10-18 09:49:17', 1),
(187, '622280.2439.005.002.001.B.521213', 1, 2014, '622280', '622280.2439', '622280.2439.005', '622280.2439.005.002', '622280.2439.005.002.001', '622280.2439.005.002.001.B', '521213', 33650000, '2015-10-18 09:49:17', 1, '2015-10-18 09:49:17', 1),
(188, '622280.2439.005.002.001.B.522131', 1, 2014, '622280', '622280.2439', '622280.2439.005', '622280.2439.005.002', '622280.2439.005.002.001', '622280.2439.005.002.001.B', '522131', 4800000, '2015-10-18 09:49:17', 1, '2015-10-18 09:49:17', 1),
(189, '622280.2439.005.002.001.B.522141', 1, 2014, '622280', '622280.2439', '622280.2439.005', '622280.2439.005.002', '622280.2439.005.002.001', '622280.2439.005.002.001.B', '522141', 18389000, '2015-10-18 09:49:17', 1, '2015-10-18 09:49:17', 1),
(190, '622280.2439.005.002.001.B.522151', 1, 2014, '622280', '622280.2439', '622280.2439.005', '622280.2439.005.002', '622280.2439.005.002.001', '622280.2439.005.002.001.B', '522151', 78033000, '2015-10-18 09:49:17', 1, '2015-10-18 09:49:17', 1),
(191, '622280.2439.005.002.002.A.521211', 1, 2014, '622280', '622280.2439', '622280.2439.005', '622280.2439.005.002', '622280.2439.005.002.002', '622280.2439.005.002.002.A', '521211', 16650000, '2015-10-18 09:49:17', 1, '2015-10-18 09:49:17', 1),
(192, '622280.2439.005.002.002.A.521213', 1, 2014, '622280', '622280.2439', '622280.2439.005', '622280.2439.005.002', '622280.2439.005.002.002', '622280.2439.005.002.002.A', '521213', 5160000, '2015-10-18 09:49:17', 1, '2015-10-18 09:49:17', 1),
(193, '622280.2439.005.002.002.A.522131', 1, 2014, '622280', '622280.2439', '622280.2439.005', '622280.2439.005.002', '622280.2439.005.002.002', '622280.2439.005.002.002.A', '522131', 2750000, '2015-10-18 09:49:18', 1, '2015-10-18 09:49:18', 1),
(194, '622280.2439.005.002.002.A.522141', 1, 2014, '622280', '622280.2439', '622280.2439.005', '622280.2439.005.002', '622280.2439.005.002.002', '622280.2439.005.002.002.A', '522141', 432000000, '2015-10-18 09:49:18', 1, '2015-10-18 09:49:18', 1),
(195, '622280.2439.005.002.002.A.522151', 1, 2014, '622280', '622280.2439', '622280.2439.005', '622280.2439.005.002', '622280.2439.005.002.002', '622280.2439.005.002.002.A', '522151', 26184000, '2015-10-18 09:49:18', 1, '2015-10-18 09:49:18', 1),
(196, '622280.2439.005.002.002.B.521211', 1, 2014, '622280', '622280.2439', '622280.2439.005', '622280.2439.005.002', '622280.2439.005.002.002', '622280.2439.005.002.002.B', '521211', 4080000, '2015-10-18 09:49:18', 1, '2015-10-18 09:49:18', 1),
(197, '622280.2439.005.002.002.B.521213', 1, 2014, '622280', '622280.2439', '622280.2439.005', '622280.2439.005.002', '622280.2439.005.002.002', '622280.2439.005.002.002.B', '521213', 1200000, '2015-10-18 09:49:18', 1, '2015-10-18 09:49:18', 1),
(198, '622280.2439.005.002.002.B.522131', 1, 2014, '622280', '622280.2439', '622280.2439.005', '622280.2439.005.002', '622280.2439.005.002.002', '622280.2439.005.002.002.B', '522131', 16650000, '2015-10-18 09:49:18', 1, '2015-10-18 09:49:18', 1),
(199, '622280.2439.005.002.002.B.522141', 1, 2014, '622280', '622280.2439', '622280.2439.005', '622280.2439.005.002', '622280.2439.005.002.002', '622280.2439.005.002.002.B', '522141', 59940000, '2015-10-18 09:49:18', 1, '2015-10-18 09:49:18', 1),
(200, '622280.2439.005.002.002.B.522151', 1, 2014, '622280', '622280.2439', '622280.2439.005', '622280.2439.005.002', '622280.2439.005.002.002', '622280.2439.005.002.002.B', '522151', 14430000, '2015-10-18 09:49:18', 1, '2015-10-18 09:49:18', 1),
(201, '622280.2439.006.001.001.A.521211', 1, 2014, '622280', '622280.2439', '622280.2439.006', '622280.2439.006.001', '622280.2439.006.001.001', '622280.2439.006.001.001.A', '521211', 8880000, '2015-10-18 09:49:18', 1, '2015-10-18 09:49:18', 1),
(202, '622280.2439.006.001.001.A.521213', 1, 2014, '622280', '622280.2439', '622280.2439.006', '622280.2439.006.001', '622280.2439.006.001.001', '622280.2439.006.001.001.A', '521213', 9250000, '2015-10-18 09:49:18', 1, '2015-10-18 09:49:18', 1),
(203, '622280.2439.006.001.001.A.522131', 1, 2014, '622280', '622280.2439', '622280.2439.006', '622280.2439.006.001', '622280.2439.006.001.001', '622280.2439.006.001.001.A', '522131', 2750000, '2015-10-18 09:49:18', 1, '2015-10-18 09:49:18', 1);
INSERT INTO `budget` (`id`, `code`, `dipa_id`, `budget_year`, `satker_code`, `activity_code`, `output_code`, `suboutput_code`, `component_code`, `subcomponent_code`, `account_code`, `total_budget_limit`, `created_at`, `created_by`, `updated_at`, `updated_by`) VALUES
(204, '622280.2439.006.001.001.A.522141', 1, 2014, '622280', '622280.2439', '622280.2439.006', '622280.2439.006.001', '622280.2439.006.001.001', '622280.2439.006.001.001.A', '522141', 5563000, '2015-10-18 09:49:18', 1, '2015-10-18 09:49:18', 1),
(205, '622280.2439.006.001.001.A.522151', 1, 2014, '622280', '622280.2439', '622280.2439.006', '622280.2439.006.001', '622280.2439.006.001.001', '622280.2439.006.001.001.A', '522151', 27216000, '2015-10-18 09:49:18', 1, '2015-10-18 09:49:18', 1),
(206, '622280.2439.006.001.001.B.521211', 1, 2014, '622280', '622280.2439', '622280.2439.006', '622280.2439.006.001', '622280.2439.006.001.001', '622280.2439.006.001.001.B', '521211', 4080000, '2015-10-18 09:49:18', 1, '2015-10-18 09:49:18', 1),
(207, '622280.2439.006.001.001.B.521213', 1, 2014, '622280', '622280.2439', '622280.2439.006', '622280.2439.006.001', '622280.2439.006.001.001', '622280.2439.006.001.001.B', '521213', 2256000, '2015-10-18 09:49:18', 1, '2015-10-18 09:49:18', 1),
(208, '622280.2439.006.001.001.B.522131', 1, 2014, '622280', '622280.2439', '622280.2439.006', '622280.2439.006.001', '622280.2439.006.001.001', '622280.2439.006.001.001.B', '522131', 19536000, '2015-10-18 09:49:18', 1, '2015-10-18 09:49:18', 1),
(209, '622280.2439.006.001.001.B.522141', 1, 2014, '622280', '622280.2439', '622280.2439.006', '622280.2439.006.001', '622280.2439.006.001.001', '622280.2439.006.001.001.B', '522141', 59940000, '2015-10-18 09:49:18', 1, '2015-10-18 09:49:18', 1),
(210, '622280.2439.006.001.001.B.522151', 1, 2014, '622280', '622280.2439', '622280.2439.006', '622280.2439.006.001', '622280.2439.006.001.001', '622280.2439.006.001.001.B', '522151', 15540000, '2015-10-18 09:49:18', 1, '2015-10-18 09:49:18', 1),
(211, '622280.2439.006.001.002.A.521211', 1, 2014, '622280', '622280.2439', '622280.2439.006', '622280.2439.006.001', '622280.2439.006.001.002', '622280.2439.006.001.002.A', '521211', 10080000, '2015-10-18 09:49:19', 1, '2015-10-18 09:49:19', 1),
(212, '622280.2439.006.001.002.A.521213', 1, 2014, '622280', '622280.2439', '622280.2439.006', '622280.2439.006.001', '622280.2439.006.001.002', '622280.2439.006.001.002.A', '521213', 10500000, '2015-10-18 09:49:19', 1, '2015-10-18 09:49:19', 1),
(213, '622280.2439.006.001.002.A.522131', 1, 2014, '622280', '622280.2439', '622280.2439.006', '622280.2439.006.001', '622280.2439.006.001.002', '622280.2439.006.001.002.A', '522131', 2750000, '2015-10-18 09:49:19', 1, '2015-10-18 09:49:19', 1),
(214, '622280.2439.006.001.002.A.522141', 1, 2014, '622280', '622280.2439', '622280.2439.006', '622280.2439.006.001', '622280.2439.006.001.002', '622280.2439.006.001.002.A', '522141', 5542000, '2015-10-18 09:49:19', 1, '2015-10-18 09:49:19', 1),
(215, '622280.2439.006.001.002.A.522151', 1, 2014, '622280', '622280.2439', '622280.2439.006', '622280.2439.006.001', '622280.2439.006.001.002', '622280.2439.006.001.002.A', '522151', 32088000, '2015-10-18 09:49:19', 1, '2015-10-18 09:49:19', 1),
(216, '622280.2439.006.001.002.B.521211', 1, 2014, '622280', '622280.2439', '622280.2439.006', '622280.2439.006.001', '622280.2439.006.001.002', '622280.2439.006.001.002.B', '521211', 4080000, '2015-10-18 09:49:19', 1, '2015-10-18 09:49:19', 1),
(217, '622280.2439.006.001.002.B.521213', 1, 2014, '622280', '622280.2439', '622280.2439.006', '622280.2439.006.001', '622280.2439.006.001.002', '622280.2439.006.001.002.B', '521213', 3552000, '2015-10-18 09:49:19', 1, '2015-10-18 09:49:19', 1),
(218, '622280.2439.006.001.002.B.522131', 1, 2014, '622280', '622280.2439', '622280.2439.006', '622280.2439.006.001', '622280.2439.006.001.002', '622280.2439.006.001.002.B', '522131', 17945000, '2015-10-18 09:49:19', 1, '2015-10-18 09:49:19', 1),
(219, '622280.2439.006.001.002.B.522141', 1, 2014, '622280', '622280.2439', '622280.2439.006', '622280.2439.006.001', '622280.2439.006.001.002', '622280.2439.006.001.002.B', '522141', 60273000, '2015-10-18 09:49:19', 1, '2015-10-18 09:49:19', 1),
(220, '622280.2439.006.001.002.B.522151', 1, 2014, '622280', '622280.2439', '622280.2439.006', '622280.2439.006.001', '622280.2439.006.001.002', '622280.2439.006.001.002.B', '522151', 15540000, '2015-10-18 09:49:19', 1, '2015-10-18 09:49:19', 1),
(221, '622280.2439.006.002.001.A.521211', 1, 2014, '622280', '622280.2439', '622280.2439.006', '622280.2439.006.002', '622280.2439.006.002.001', '622280.2439.006.002.001.A', '521211', 9840000, '2015-10-18 09:49:19', 1, '2015-10-18 09:49:19', 1),
(222, '622280.2439.006.002.001.A.521213', 1, 2014, '622280', '622280.2439', '622280.2439.006', '622280.2439.006.002', '622280.2439.006.002.001', '622280.2439.006.002.001.A', '521213', 10250000, '2015-10-18 09:49:19', 1, '2015-10-18 09:49:19', 1),
(223, '622280.2439.006.002.001.A.522131', 1, 2014, '622280', '622280.2439', '622280.2439.006', '622280.2439.006.002', '622280.2439.006.002.001', '622280.2439.006.002.001.A', '522131', 2750000, '2015-10-18 09:49:19', 1, '2015-10-18 09:49:19', 1),
(224, '622280.2439.006.002.001.A.522141', 1, 2014, '622280', '622280.2439', '622280.2439.006', '622280.2439.006.002', '622280.2439.006.002.001', '622280.2439.006.002.001.A', '522141', 5620000, '2015-10-18 09:49:19', 1, '2015-10-18 09:49:19', 1),
(225, '622280.2439.006.002.001.A.522151', 1, 2014, '622280', '622280.2439', '622280.2439.006', '622280.2439.006.002', '622280.2439.006.002.001', '622280.2439.006.002.001.A', '522151', 35940000, '2015-10-18 09:49:19', 1, '2015-10-18 09:49:19', 1),
(226, '622280.2439.006.002.001.B.521211', 1, 2014, '622280', '622280.2439', '622280.2439.006', '622280.2439.006.002', '622280.2439.006.002.001', '622280.2439.006.002.001.B', '521211', 4080000, '2015-10-18 09:49:19', 1, '2015-10-18 09:49:19', 1),
(227, '622280.2439.006.002.001.B.521213', 1, 2014, '622280', '622280.2439', '622280.2439.006', '622280.2439.006.002', '622280.2439.006.002.001', '622280.2439.006.002.001.B', '521213', 2328000, '2015-10-18 09:49:19', 1, '2015-10-18 09:49:19', 1),
(228, '622280.2439.006.002.001.B.522131', 1, 2014, '622280', '622280.2439', '622280.2439.006', '622280.2439.006.002', '622280.2439.006.002.001', '622280.2439.006.002.001.B', '522131', 18500000, '2015-10-18 09:49:20', 1, '2015-10-18 09:49:20', 1),
(229, '622280.2439.006.002.001.B.522141', 1, 2014, '622280', '622280.2439', '622280.2439.006', '622280.2439.006.002', '622280.2439.006.002.001', '622280.2439.006.002.001.B', '522141', 84249000, '2015-10-18 09:49:20', 1, '2015-10-18 09:49:20', 1),
(230, '622280.2439.006.002.001.B.522151', 1, 2014, '622280', '622280.2439', '622280.2439.006', '622280.2439.006.002', '622280.2439.006.002.001', '622280.2439.006.002.001.B', '522151', 14430000, '2015-10-18 09:49:20', 1, '2015-10-18 09:49:20', 1),
(231, '622280.2439.006.002.002.A.521211', 1, 2014, '622280', '622280.2439', '622280.2439.006', '622280.2439.006.002', '622280.2439.006.002.002', '622280.2439.006.002.002.A', '521211', 9120000, '2015-10-18 09:49:20', 1, '2015-10-18 09:49:20', 1),
(232, '622280.2439.006.002.002.A.521213', 1, 2014, '622280', '622280.2439', '622280.2439.006', '622280.2439.006.002', '622280.2439.006.002.002', '622280.2439.006.002.002.A', '521213', 9500000, '2015-10-18 09:49:20', 1, '2015-10-18 09:49:20', 1),
(233, '622280.2439.006.002.002.A.522131', 1, 2014, '622280', '622280.2439', '622280.2439.006', '622280.2439.006.002', '622280.2439.006.002.002', '622280.2439.006.002.002.A', '522131', 2750000, '2015-10-18 09:49:20', 1, '2015-10-18 09:49:20', 1),
(234, '622280.2439.006.002.002.A.522141', 1, 2014, '622280', '622280.2439', '622280.2439.006', '622280.2439.006.002', '622280.2439.006.002.002', '622280.2439.006.002.002.A', '522141', 4534500, '2015-10-18 09:49:20', 1, '2015-10-18 09:49:20', 1),
(235, '622280.2439.006.002.002.A.522151', 1, 2014, '622280', '622280.2439', '622280.2439.006', '622280.2439.006.002', '622280.2439.006.002.002', '622280.2439.006.002.002.A', '522151', 45564000, '2015-10-18 09:49:20', 1, '2015-10-18 09:49:20', 1),
(236, '622280.2439.006.002.002.B.521211', 1, 2014, '622280', '622280.2439', '622280.2439.006', '622280.2439.006.002', '622280.2439.006.002.002', '622280.2439.006.002.002.B', '521211', 4080000, '2015-10-18 09:49:20', 1, '2015-10-18 09:49:20', 1),
(237, '622280.2439.006.002.002.B.521213', 1, 2014, '622280', '622280.2439', '622280.2439.006', '622280.2439.006.002', '622280.2439.006.002.002', '622280.2439.006.002.002.B', '521213', 8472000, '2015-10-18 09:49:20', 1, '2015-10-18 09:49:20', 1),
(238, '622280.2439.006.002.002.B.522131', 1, 2014, '622280', '622280.2439', '622280.2439.006', '622280.2439.006.002', '622280.2439.006.002.002', '622280.2439.006.002.002.B', '522131', 20350000, '2015-10-18 09:49:20', 1, '2015-10-18 09:49:20', 1),
(239, '622280.2439.006.002.002.B.522141', 1, 2014, '622280', '622280.2439', '622280.2439.006', '622280.2439.006.002', '622280.2439.006.002.002', '622280.2439.006.002.002.B', '522141', 68265000, '2015-10-18 09:49:20', 1, '2015-10-18 09:49:20', 1),
(240, '622280.2439.006.002.002.B.522151', 1, 2014, '622280', '622280.2439', '622280.2439.006', '622280.2439.006.002', '622280.2439.006.002.002', '622280.2439.006.002.002.B', '522151', 16650000, '2015-10-18 09:49:20', 1, '2015-10-18 09:49:20', 1);

-- --------------------------------------------------------

--
-- Table structure for table `budget_temp`
--

CREATE TABLE IF NOT EXISTS `budget_temp` (
  `id` int(11) NOT NULL AUTO_INCREMENT,
  `code` varchar(256) DEFAULT NULL,
  `dipa_id` int(11) NOT NULL COMMENT 'DIPA',
  `budget_year` year(4) DEFAULT NULL,
  `satker_code` varchar(256) DEFAULT NULL,
  `activity_code` varchar(256) DEFAULT NULL,
  `output_code` varchar(256) DEFAULT NULL,
  `suboutput_code` varchar(256) DEFAULT NULL,
  `component_code` varchar(256) DEFAULT NULL,
  `subcomponent_code` varchar(256) DEFAULT NULL,
  `account_code` varchar(256) DEFAULT NULL,
  `total_budget_limit` double DEFAULT NULL,
  `created_at` datetime DEFAULT NULL,
  `created_by` int(11) DEFAULT NULL,
  `updated_at` datetime DEFAULT NULL,
  `updated_by` int(11) DEFAULT NULL,
  PRIMARY KEY (`id`),
  KEY `FK_budget` (`budget_year`),
  KEY `FK_budget_create` (`created_by`),
  KEY `FK_budget_update` (`updated_by`)
) ENGINE=InnoDB DEFAULT CHARSET=latin1 AUTO_INCREMENT=1 ;

-- --------------------------------------------------------

--
-- Table structure for table `city`
--

CREATE TABLE IF NOT EXISTS `city` (
  `id` int(11) NOT NULL AUTO_INCREMENT,
  `province_code` varchar(256) NOT NULL,
  `code` varchar(256) NOT NULL,
  `name` varchar(256) NOT NULL,
  `created_at` datetime DEFAULT NULL,
  `created_by` int(11) DEFAULT NULL,
  `updated_at` datetime DEFAULT NULL,
  `updated_by` int(11) DEFAULT NULL,
  PRIMARY KEY (`id`),
  KEY `FK_city_create` (`created_by`),
  KEY `FK_city_update` (`updated_by`),
  KEY `FK_city_prov_code` (`province_code`)
) ENGINE=InnoDB  DEFAULT CHARSET=latin1 AUTO_INCREMENT=555 ;

--
-- Dumping data for table `city`
--

INSERT INTO `city` (`id`, `province_code`, `code`, `name`, `created_at`, `created_by`, `updated_at`, `updated_by`) VALUES
(1, '01', '01.51', 'Kota Jakarta Pusat', '2015-10-18 09:46:58', 1, '2015-10-18 09:46:58', 1),
(2, '01', '01.52', 'Kota Jakarta Utara', '2015-10-18 09:46:58', 1, '2015-10-18 09:46:58', 1),
(3, '01', '01.53', 'Kota Jakarta Barat', '2015-10-18 09:46:58', 1, '2015-10-18 09:46:58', 1),
(4, '01', '01.54', 'Kota Jakarta Selatan', '2015-10-18 09:46:58', 1, '2015-10-18 09:46:58', 1),
(5, '01', '01.55', 'Kota Jakarta Timur', '2015-10-18 09:46:58', 1, '2015-10-18 09:46:58', 1),
(6, '01', '01.56', 'Kota Kepulauan Seribu', '2015-10-18 09:46:58', 1, '2015-10-18 09:46:58', 1),
(7, '02', '02.05', 'Kab. Bogor', '2015-10-18 09:46:58', 1, '2015-10-18 09:46:58', 1),
(8, '02', '02.06', 'Kab. Sukabumi', '2015-10-18 09:46:58', 1, '2015-10-18 09:46:58', 1),
(9, '02', '02.07', 'Kab. Cianjur', '2015-10-18 09:46:58', 1, '2015-10-18 09:46:58', 1),
(10, '02', '02.08', 'Kab. Bekasi', '2015-10-18 09:46:58', 1, '2015-10-18 09:46:58', 1),
(11, '02', '02.09', 'Kab. Karawang', '2015-10-18 09:46:58', 1, '2015-10-18 09:46:58', 1),
(12, '02', '02.10', 'Kab. Purwakarta', '2015-10-18 09:46:58', 1, '2015-10-18 09:46:58', 1),
(13, '02', '02.11', 'Kab. Subang', '2015-10-18 09:46:59', 1, '2015-10-18 09:46:59', 1),
(14, '02', '02.12', 'Kab. Bandung', '2015-10-18 09:46:59', 1, '2015-10-18 09:46:59', 1),
(15, '02', '02.13', 'Kab. Sumedang', '2015-10-18 09:46:59', 1, '2015-10-18 09:46:59', 1),
(16, '02', '02.14', 'Kab. Garut', '2015-10-18 09:46:59', 1, '2015-10-18 09:46:59', 1),
(17, '02', '02.15', 'Kab. Tasikmalaya', '2015-10-18 09:46:59', 1, '2015-10-18 09:46:59', 1),
(18, '02', '02.16', 'Kab. Ciamis', '2015-10-18 09:46:59', 1, '2015-10-18 09:46:59', 1),
(19, '02', '02.17', 'Kab. Cirebon', '2015-10-18 09:46:59', 1, '2015-10-18 09:46:59', 1),
(20, '02', '02.18', 'Kab. Kuningan', '2015-10-18 09:46:59', 1, '2015-10-18 09:46:59', 1),
(21, '02', '02.19', 'Kab. Indramayu', '2015-10-18 09:46:59', 1, '2015-10-18 09:46:59', 1),
(22, '02', '02.20', 'Kab. Majalengka', '2015-10-18 09:46:59', 1, '2015-10-18 09:46:59', 1),
(23, '02', '02.21', 'Kab. Bandung Barat', '2015-10-18 09:46:59', 1, '2015-10-18 09:46:59', 1),
(24, '02', '02.22', 'Kab. Pangandaran', '2015-10-18 09:46:59', 1, '2015-10-18 09:46:59', 1),
(25, '02', '02.51', 'Kota Bandung', '2015-10-18 09:46:59', 1, '2015-10-18 09:46:59', 1),
(26, '02', '02.52', 'Kota Bogor', '2015-10-18 09:46:59', 1, '2015-10-18 09:46:59', 1),
(27, '02', '02.53', 'Kota Sukabumi', '2015-10-18 09:46:59', 1, '2015-10-18 09:46:59', 1),
(28, '02', '02.54', 'Kota Cirebon', '2015-10-18 09:46:59', 1, '2015-10-18 09:46:59', 1),
(29, '02', '02.57', 'Kota Bekasi', '2015-10-18 09:47:00', 1, '2015-10-18 09:47:00', 1),
(30, '02', '02.58', 'Kota Depok', '2015-10-18 09:47:00', 1, '2015-10-18 09:47:00', 1),
(31, '02', '02.60', 'Kota Tasikmalaya', '2015-10-18 09:47:00', 1, '2015-10-18 09:47:00', 1),
(32, '02', '02.61', 'Kota Cimahi', '2015-10-18 09:47:00', 1, '2015-10-18 09:47:00', 1),
(33, '02', '02.62', 'Kota Banjar', '2015-10-18 09:47:00', 1, '2015-10-18 09:47:00', 1),
(34, '03', '03.01', 'Kab. Semarang', '2015-10-18 09:47:00', 1, '2015-10-18 09:47:00', 1),
(35, '03', '03.02', 'Kab. Kendal', '2015-10-18 09:47:00', 1, '2015-10-18 09:47:00', 1),
(36, '03', '03.03', 'Kab. Demak', '2015-10-18 09:47:00', 1, '2015-10-18 09:47:00', 1),
(37, '03', '03.04', 'Kab. Grobogan', '2015-10-18 09:47:00', 1, '2015-10-18 09:47:00', 1),
(38, '03', '03.05', 'Kab. Pekalongan', '2015-10-18 09:47:00', 1, '2015-10-18 09:47:00', 1),
(39, '03', '03.06', 'Kab. Batang', '2015-10-18 09:47:00', 1, '2015-10-18 09:47:00', 1),
(40, '03', '03.07', 'Kab. Tegal', '2015-10-18 09:47:00', 1, '2015-10-18 09:47:00', 1),
(41, '03', '03.08', 'Kab. Brebes', '2015-10-18 09:47:00', 1, '2015-10-18 09:47:00', 1),
(42, '03', '03.09', 'Kab. Pati', '2015-10-18 09:47:00', 1, '2015-10-18 09:47:00', 1),
(43, '03', '03.10', 'Kab. Kudus', '2015-10-18 09:47:00', 1, '2015-10-18 09:47:00', 1),
(44, '03', '03.11', 'Kab. Pemalang', '2015-10-18 09:47:00', 1, '2015-10-18 09:47:00', 1),
(45, '03', '03.12', 'Kab. Jepara', '2015-10-18 09:47:00', 1, '2015-10-18 09:47:00', 1),
(46, '03', '03.13', 'Kab. Rembang', '2015-10-18 09:47:00', 1, '2015-10-18 09:47:00', 1),
(47, '03', '03.14', 'Kab. Blora', '2015-10-18 09:47:00', 1, '2015-10-18 09:47:00', 1),
(48, '03', '03.15', 'Kab. Banyumas', '2015-10-18 09:47:01', 1, '2015-10-18 09:47:01', 1),
(49, '03', '03.16', 'Kab. Cilacap', '2015-10-18 09:47:01', 1, '2015-10-18 09:47:01', 1),
(50, '03', '03.17', 'Kab. Purbalingga', '2015-10-18 09:47:01', 1, '2015-10-18 09:47:01', 1),
(51, '03', '03.18', 'Kab. Banjarnegara', '2015-10-18 09:47:01', 1, '2015-10-18 09:47:01', 1),
(52, '03', '03.19', 'Kab. Magelang', '2015-10-18 09:47:01', 1, '2015-10-18 09:47:01', 1),
(53, '03', '03.20', 'Kab. Temanggung', '2015-10-18 09:47:01', 1, '2015-10-18 09:47:01', 1),
(54, '03', '03.21', 'Kab. Wonosobo', '2015-10-18 09:47:01', 1, '2015-10-18 09:47:01', 1),
(55, '03', '03.22', 'Kab. Purworejo', '2015-10-18 09:47:01', 1, '2015-10-18 09:47:01', 1),
(56, '03', '03.23', 'Kab. Kebumen', '2015-10-18 09:47:01', 1, '2015-10-18 09:47:01', 1),
(57, '03', '03.24', 'Kab. Klaten', '2015-10-18 09:47:01', 1, '2015-10-18 09:47:01', 1),
(58, '03', '03.25', 'Kab. Boyolali', '2015-10-18 09:47:01', 1, '2015-10-18 09:47:01', 1),
(59, '03', '03.26', 'Kab. Sragen', '2015-10-18 09:47:01', 1, '2015-10-18 09:47:01', 1),
(60, '03', '03.27', 'Kab. Sukoharjo', '2015-10-18 09:47:01', 1, '2015-10-18 09:47:01', 1),
(61, '03', '03.28', 'Kab. Karanganyar', '2015-10-18 09:47:01', 1, '2015-10-18 09:47:01', 1),
(62, '03', '03.29', 'Kab. Wonogiri', '2015-10-18 09:47:01', 1, '2015-10-18 09:47:01', 1),
(63, '03', '03.30', 'Kab. Cepu', '2015-10-18 09:47:02', 1, '2015-10-18 09:47:02', 1),
(64, '03', '03.51', 'Kota Semarang', '2015-10-18 09:47:02', 1, '2015-10-18 09:47:02', 1),
(65, '03', '03.52', 'Kota Salatiga', '2015-10-18 09:47:02', 1, '2015-10-18 09:47:02', 1),
(66, '03', '03.53', 'Kota Pekalongan', '2015-10-18 09:47:02', 1, '2015-10-18 09:47:02', 1),
(67, '03', '03.54', 'Kota Tegal', '2015-10-18 09:47:02', 1, '2015-10-18 09:47:02', 1),
(68, '03', '03.55', 'Kota Magelang', '2015-10-18 09:47:02', 1, '2015-10-18 09:47:02', 1),
(69, '03', '03.56', 'Kota Surakarta', '2015-10-18 09:47:02', 1, '2015-10-18 09:47:02', 1),
(70, '04', '04.01', 'Kab. Bantul', '2015-10-18 09:47:02', 1, '2015-10-18 09:47:02', 1),
(71, '04', '04.02', 'Kab. Sleman', '2015-10-18 09:47:02', 1, '2015-10-18 09:47:02', 1),
(72, '04', '04.03', 'Kab. Gunung Kidul', '2015-10-18 09:47:02', 1, '2015-10-18 09:47:02', 1),
(73, '04', '04.04', 'Kab. Kulon Progo', '2015-10-18 09:47:02', 1, '2015-10-18 09:47:02', 1),
(74, '04', '04.51', 'Kota Yogyakarta', '2015-10-18 09:47:02', 1, '2015-10-18 09:47:02', 1),
(75, '05', '05.01', 'Kab. Gresik', '2015-10-18 09:47:02', 1, '2015-10-18 09:47:02', 1),
(76, '05', '05.02', 'Kab. Mojokerto', '2015-10-18 09:47:02', 1, '2015-10-18 09:47:02', 1),
(77, '05', '05.03', 'Kab. Sidoarjo', '2015-10-18 09:47:02', 1, '2015-10-18 09:47:02', 1),
(78, '05', '05.04', 'Kab. Jombang', '2015-10-18 09:47:02', 1, '2015-10-18 09:47:02', 1),
(79, '05', '05.05', 'Kab. Sampang', '2015-10-18 09:47:02', 1, '2015-10-18 09:47:02', 1),
(80, '05', '05.06', 'Kab. Pamekasan', '2015-10-18 09:47:02', 1, '2015-10-18 09:47:02', 1),
(81, '05', '05.07', 'Kab. Sumenep', '2015-10-18 09:47:02', 1, '2015-10-18 09:47:02', 1),
(82, '05', '05.08', 'Kab. Bangkalan', '2015-10-18 09:47:03', 1, '2015-10-18 09:47:03', 1),
(83, '05', '05.09', 'Kab. Bondowoso', '2015-10-18 09:47:03', 1, '2015-10-18 09:47:03', 1),
(84, '05', '05.10', 'Kab. Situbondo', '2015-10-18 09:47:03', 1, '2015-10-18 09:47:03', 1),
(85, '05', '05.11', 'Kab. Banyuwangi', '2015-10-18 09:47:03', 1, '2015-10-18 09:47:03', 1),
(86, '05', '05.12', 'Kab. Jember', '2015-10-18 09:47:03', 1, '2015-10-18 09:47:03', 1),
(87, '05', '05.13', 'Kab. Malang', '2015-10-18 09:47:03', 1, '2015-10-18 09:47:03', 1),
(88, '05', '05.14', 'Kab. Pasuruan', '2015-10-18 09:47:03', 1, '2015-10-18 09:47:03', 1),
(89, '05', '05.15', 'Kab. Probolinggo', '2015-10-18 09:47:03', 1, '2015-10-18 09:47:03', 1),
(90, '05', '05.16', 'Kab. Lumajang', '2015-10-18 09:47:03', 1, '2015-10-18 09:47:03', 1),
(91, '05', '05.17', 'Kab. Kediri', '2015-10-18 09:47:03', 1, '2015-10-18 09:47:03', 1),
(92, '05', '05.18', 'Kab. Tulungagung', '2015-10-18 09:47:03', 1, '2015-10-18 09:47:03', 1),
(93, '05', '05.19', 'Kab. Nganjuk', '2015-10-18 09:47:03', 1, '2015-10-18 09:47:03', 1),
(94, '05', '05.20', 'Kab. Trenggalek', '2015-10-18 09:47:03', 1, '2015-10-18 09:47:03', 1),
(95, '05', '05.21', 'Kab. Blitar', '2015-10-18 09:47:03', 1, '2015-10-18 09:47:03', 1),
(96, '05', '05.22', 'Kab. Madiun', '2015-10-18 09:47:03', 1, '2015-10-18 09:47:03', 1),
(97, '05', '05.23', 'Kab. Ngawi', '2015-10-18 09:47:04', 1, '2015-10-18 09:47:04', 1),
(98, '05', '05.24', 'Kab. Magetan', '2015-10-18 09:47:04', 1, '2015-10-18 09:47:04', 1),
(99, '05', '05.25', 'Kab. Ponorogo', '2015-10-18 09:47:04', 1, '2015-10-18 09:47:04', 1),
(100, '05', '05.26', 'Kab. Pacitan', '2015-10-18 09:47:04', 1, '2015-10-18 09:47:04', 1),
(101, '05', '05.27', 'Kab. Bojonegoro', '2015-10-18 09:47:04', 1, '2015-10-18 09:47:04', 1),
(102, '05', '05.28', 'Kab. Tuban', '2015-10-18 09:47:04', 1, '2015-10-18 09:47:04', 1),
(103, '05', '05.29', 'Kab. Lamongan', '2015-10-18 09:47:04', 1, '2015-10-18 09:47:04', 1),
(104, '05', '05.51', 'Kota Surabaya', '2015-10-18 09:47:04', 1, '2015-10-18 09:47:04', 1),
(105, '05', '05.52', 'Kota Mojokerto', '2015-10-18 09:47:04', 1, '2015-10-18 09:47:04', 1),
(106, '05', '05.53', 'Kota Malang', '2015-10-18 09:47:04', 1, '2015-10-18 09:47:04', 1),
(107, '05', '05.54', 'Kota Pasuruan', '2015-10-18 09:47:04', 1, '2015-10-18 09:47:04', 1),
(108, '05', '05.55', 'Kota Probolinggo', '2015-10-18 09:47:04', 1, '2015-10-18 09:47:04', 1),
(109, '05', '05.56', 'Kota Blitar', '2015-10-18 09:47:04', 1, '2015-10-18 09:47:04', 1),
(110, '05', '05.57', 'Kota Kediri', '2015-10-18 09:47:04', 1, '2015-10-18 09:47:04', 1),
(111, '05', '05.58', 'Kota Madiun', '2015-10-18 09:47:04', 1, '2015-10-18 09:47:04', 1),
(112, '05', '05.59', 'Kota Batu', '2015-10-18 09:47:04', 1, '2015-10-18 09:47:04', 1),
(113, '06', '06.01', 'Kab. Aceh Besar', '2015-10-18 09:47:04', 1, '2015-10-18 09:47:04', 1),
(114, '06', '06.02', 'Kab. Pidie', '2015-10-18 09:47:04', 1, '2015-10-18 09:47:04', 1),
(115, '06', '06.03', 'Kab. Aceh Utara', '2015-10-18 09:47:04', 1, '2015-10-18 09:47:04', 1),
(116, '06', '06.04', 'Kab. Aceh Timur', '2015-10-18 09:47:04', 1, '2015-10-18 09:47:04', 1),
(117, '06', '06.05', 'Kab. Aceh Selatan', '2015-10-18 09:47:04', 1, '2015-10-18 09:47:04', 1),
(118, '06', '06.06', 'Kab. Aceh Barat', '2015-10-18 09:47:05', 1, '2015-10-18 09:47:05', 1),
(119, '06', '06.07', 'Kab. Aceh Tengah', '2015-10-18 09:47:05', 1, '2015-10-18 09:47:05', 1),
(120, '06', '06.08', 'Kab. Aceh Tenggara', '2015-10-18 09:47:05', 1, '2015-10-18 09:47:05', 1),
(121, '06', '06.09', 'Kab. Simeulue', '2015-10-18 09:47:05', 1, '2015-10-18 09:47:05', 1),
(122, '06', '06.10', 'Kab. Aceh Singkil', '2015-10-18 09:47:05', 1, '2015-10-18 09:47:05', 1),
(123, '06', '06.11', 'Kab. Bireuen', '2015-10-18 09:47:05', 1, '2015-10-18 09:47:05', 1),
(124, '06', '06.12', 'Kab. Aceh Barat Daya', '2015-10-18 09:47:05', 1, '2015-10-18 09:47:05', 1),
(125, '06', '06.13', 'Kab. Gayo Lues', '2015-10-18 09:47:05', 1, '2015-10-18 09:47:05', 1),
(126, '06', '06.14', 'Kab. Aceh Jaya', '2015-10-18 09:47:05', 1, '2015-10-18 09:47:05', 1),
(127, '06', '06.15', 'Kab. Nagan Raya', '2015-10-18 09:47:05', 1, '2015-10-18 09:47:05', 1),
(128, '06', '06.16', 'Kab. Aceh Tamiang', '2015-10-18 09:47:05', 1, '2015-10-18 09:47:05', 1),
(129, '06', '06.17', 'Kab. Bener Meriah', '2015-10-18 09:47:05', 1, '2015-10-18 09:47:05', 1),
(130, '06', '06.18', 'Kab. Pidie Jaya', '2015-10-18 09:47:05', 1, '2015-10-18 09:47:05', 1),
(131, '06', '06.51', 'Kota Banda Aceh', '2015-10-18 09:47:05', 1, '2015-10-18 09:47:05', 1),
(132, '06', '06.52', 'Kota Sabang', '2015-10-18 09:47:05', 1, '2015-10-18 09:47:05', 1),
(133, '06', '06.53', 'Kota Langsa', '2015-10-18 09:47:05', 1, '2015-10-18 09:47:05', 1),
(134, '06', '06.54', 'Kota Lhokseumawe', '2015-10-18 09:47:05', 1, '2015-10-18 09:47:05', 1),
(135, '06', '06.55', 'Kota Meulaboh', '2015-10-18 09:47:05', 1, '2015-10-18 09:47:05', 1),
(136, '06', '06.56', 'Kota Subulussalam', '2015-10-18 09:47:05', 1, '2015-10-18 09:47:05', 1),
(137, '07', '07.01', 'Kab. Deli Serdang', '2015-10-18 09:47:05', 1, '2015-10-18 09:47:05', 1),
(138, '07', '07.02', 'Kab. Karo', '2015-10-18 09:47:05', 1, '2015-10-18 09:47:05', 1),
(139, '07', '07.03', 'Kab. Langkat', '2015-10-18 09:47:06', 1, '2015-10-18 09:47:06', 1),
(140, '07', '07.04', 'Kab. Tapanuli Tengah', '2015-10-18 09:47:06', 1, '2015-10-18 09:47:06', 1),
(141, '07', '07.05', 'Kab. Simalungun', '2015-10-18 09:47:06', 1, '2015-10-18 09:47:06', 1),
(142, '07', '07.06', 'Kab. Labuhan Batu', '2015-10-18 09:47:06', 1, '2015-10-18 09:47:06', 1),
(143, '07', '07.07', 'Kab. Dairi', '2015-10-18 09:47:06', 1, '2015-10-18 09:47:06', 1),
(144, '07', '07.08', 'Kab. Tapanuli Utara', '2015-10-18 09:47:06', 1, '2015-10-18 09:47:06', 1),
(145, '07', '07.09', 'Kab. Tapanuli Selatan', '2015-10-18 09:47:06', 1, '2015-10-18 09:47:06', 1),
(146, '07', '07.10', 'Kab. Asahan', '2015-10-18 09:47:06', 1, '2015-10-18 09:47:06', 1),
(147, '07', '07.11', 'Kab. Nias', '2015-10-18 09:47:06', 1, '2015-10-18 09:47:06', 1),
(148, '07', '07.12', 'Kab. Samosir', '2015-10-18 09:47:06', 1, '2015-10-18 09:47:06', 1),
(149, '07', '07.13', 'Kab. Mandailing Natal', '2015-10-18 09:47:06', 1, '2015-10-18 09:47:06', 1),
(150, '07', '07.14', 'Kab. Nias Selatan', '2015-10-18 09:47:06', 1, '2015-10-18 09:47:06', 1),
(151, '07', '07.15', 'Kab. Pakpak Bharat', '2015-10-18 09:47:07', 1, '2015-10-18 09:47:07', 1),
(152, '07', '07.16', 'Kab. Humbang Hasundutan', '2015-10-18 09:47:07', 1, '2015-10-18 09:47:07', 1),
(153, '07', '07.17', 'Kab. Toba Samosir', '2015-10-18 09:47:07', 1, '2015-10-18 09:47:07', 1),
(154, '07', '07.18', 'Kab. Tarutung', '2015-10-18 09:47:07', 1, '2015-10-18 09:47:07', 1),
(155, '07', '07.20', 'Kab. Serdang Bedagai', '2015-10-18 09:47:07', 1, '2015-10-18 09:47:07', 1),
(156, '07', '07.21', 'Kab. Batu Bara', '2015-10-18 09:47:07', 1, '2015-10-18 09:47:07', 1),
(157, '07', '07.22', 'Kab. Padang Lawas', '2015-10-18 09:47:07', 1, '2015-10-18 09:47:07', 1),
(158, '07', '07.23', 'Kab. Padang Lawas Utara', '2015-10-18 09:47:07', 1, '2015-10-18 09:47:07', 1),
(159, '07', '07.24', 'Kab. Labuhan Batu Selatan', '2015-10-18 09:47:07', 1, '2015-10-18 09:47:07', 1),
(160, '07', '07.25', 'Kab. Labuhan Batu Utara', '2015-10-18 09:47:07', 1, '2015-10-18 09:47:07', 1),
(161, '07', '07.26', 'Kab. Nias Utara', '2015-10-18 09:47:07', 1, '2015-10-18 09:47:07', 1),
(162, '07', '07.27', 'Kab. Nias Barat', '2015-10-18 09:47:07', 1, '2015-10-18 09:47:07', 1),
(163, '07', '07.51', 'Kota Medan', '2015-10-18 09:47:07', 1, '2015-10-18 09:47:07', 1),
(164, '07', '07.52', 'Kota Tebing Tinggi', '2015-10-18 09:47:07', 1, '2015-10-18 09:47:07', 1),
(165, '07', '07.53', 'Kota Binjai', '2015-10-18 09:47:07', 1, '2015-10-18 09:47:07', 1),
(166, '07', '07.54', 'Kota Pematang Siantar', '2015-10-18 09:47:07', 1, '2015-10-18 09:47:07', 1),
(167, '07', '07.55', 'Kota Tanjung Balai', '2015-10-18 09:47:07', 1, '2015-10-18 09:47:07', 1),
(168, '07', '07.56', 'Kota Sibolga', '2015-10-18 09:47:07', 1, '2015-10-18 09:47:07', 1),
(169, '07', '07.57', 'Kota Padangsidimpuan', '2015-10-18 09:47:08', 1, '2015-10-18 09:47:08', 1),
(170, '07', '07.58', 'Kota Stabat', '2015-10-18 09:47:08', 1, '2015-10-18 09:47:08', 1),
(171, '07', '07.59', 'Kota Lubuk Pakam', '2015-10-18 09:47:08', 1, '2015-10-18 09:47:08', 1),
(172, '07', '07.60', 'Kota Sidi Kalang', '2015-10-18 09:47:08', 1, '2015-10-18 09:47:08', 1),
(173, '07', '07.61', 'Kota Gunung Sitoli', '2015-10-18 09:47:08', 1, '2015-10-18 09:47:08', 1),
(174, '08', '08.01', 'Kab. Agam', '2015-10-18 09:47:08', 1, '2015-10-18 09:47:08', 1),
(175, '08', '08.02', 'Kab. Pasaman', '2015-10-18 09:47:08', 1, '2015-10-18 09:47:08', 1),
(176, '08', '08.03', 'Kab. Lima Puluh Kota', '2015-10-18 09:47:08', 1, '2015-10-18 09:47:08', 1),
(177, '08', '08.04', 'Kab. Solok', '2015-10-18 09:47:08', 1, '2015-10-18 09:47:08', 1),
(178, '08', '08.05', 'Kab. Padang Pariaman', '2015-10-18 09:47:08', 1, '2015-10-18 09:47:08', 1),
(179, '08', '08.06', 'Kab. Pesisir Selatan', '2015-10-18 09:47:08', 1, '2015-10-18 09:47:08', 1),
(180, '08', '08.07', 'Kab. Tanah Datar', '2015-10-18 09:47:08', 1, '2015-10-18 09:47:08', 1),
(181, '08', '08.08', 'Kab. Sawah Lunto', '2015-10-18 09:47:09', 1, '2015-10-18 09:47:09', 1),
(182, '08', '08.09', 'Kab. Kepulauan Mentawai', '2015-10-18 09:47:09', 1, '2015-10-18 09:47:09', 1),
(183, '08', '08.10', 'Kab. Dharmas Raya', '2015-10-18 09:47:09', 1, '2015-10-18 09:47:09', 1),
(184, '08', '08.11', 'Kab. Solok Selatan', '2015-10-18 09:47:09', 1, '2015-10-18 09:47:09', 1),
(185, '08', '08.12', 'Kab. Pasaman Barat', '2015-10-18 09:47:09', 1, '2015-10-18 09:47:09', 1),
(186, '08', '08.13', 'Kab. Sijunjung', '2015-10-18 09:47:09', 1, '2015-10-18 09:47:09', 1),
(187, '08', '08.14', 'Kab. Sawahlunto/sijunjung', '2015-10-18 09:47:09', 1, '2015-10-18 09:47:09', 1),
(188, '08', '08.51', 'Kota Bukittinggi', '2015-10-18 09:47:09', 1, '2015-10-18 09:47:09', 1),
(189, '08', '08.52', 'Kota Padang Panjang', '2015-10-18 09:47:09', 1, '2015-10-18 09:47:09', 1),
(190, '08', '08.53', 'Kota Solok', '2015-10-18 09:47:09', 1, '2015-10-18 09:47:09', 1),
(191, '08', '08.54', 'Kota Sawah Lunto', '2015-10-18 09:47:09', 1, '2015-10-18 09:47:09', 1),
(192, '08', '08.55', 'Kota Padang', '2015-10-18 09:47:09', 1, '2015-10-18 09:47:09', 1),
(193, '08', '08.56', 'Kota Payakumbuh', '2015-10-18 09:47:09', 1, '2015-10-18 09:47:09', 1),
(194, '08', '08.57', 'Kota Pariaman', '2015-10-18 09:47:09', 1, '2015-10-18 09:47:09', 1),
(195, '08', '08.58', 'Kota Lubuk Sikaping', '2015-10-18 09:47:10', 1, '2015-10-18 09:47:10', 1),
(196, '08', '08.59', 'Kota Painan', '2015-10-18 09:47:10', 1, '2015-10-18 09:47:10', 1),
(197, '09', '09.01', 'Kab. Kampar', '2015-10-18 09:47:10', 1, '2015-10-18 09:47:10', 1),
(198, '09', '09.02', 'Kab. Bengkalis', '2015-10-18 09:47:10', 1, '2015-10-18 09:47:10', 1),
(199, '09', '09.04', 'Kab. Indragiri Hulu', '2015-10-18 09:47:10', 1, '2015-10-18 09:47:10', 1),
(200, '09', '09.05', 'Kab. Indragiri Hilir', '2015-10-18 09:47:10', 1, '2015-10-18 09:47:10', 1),
(201, '09', '09.06', 'Kab. Pelalawan', '2015-10-18 09:47:10', 1, '2015-10-18 09:47:10', 1),
(202, '09', '09.07', 'Kab. Rokan Hulu', '2015-10-18 09:47:10', 1, '2015-10-18 09:47:10', 1),
(203, '09', '09.08', 'Kab. Rokan Hilir', '2015-10-18 09:47:10', 1, '2015-10-18 09:47:10', 1),
(204, '09', '09.09', 'Kab. Siak', '2015-10-18 09:47:10', 1, '2015-10-18 09:47:10', 1),
(205, '09', '09.12', 'Kab. Kuantan Singingi', '2015-10-18 09:47:10', 1, '2015-10-18 09:47:10', 1),
(206, '09', '09.13', 'Kab. Kepulauan Meranti', '2015-10-18 09:47:10', 1, '2015-10-18 09:47:10', 1),
(207, '09', '09.51', 'Kota Pekanbaru', '2015-10-18 09:47:10', 1, '2015-10-18 09:47:10', 1),
(208, '09', '09.53', 'Kota Dumai', '2015-10-18 09:47:10', 1, '2015-10-18 09:47:10', 1),
(209, '09', '09.54', 'Kota Rengat', '2015-10-18 09:47:11', 1, '2015-10-18 09:47:11', 1),
(210, '09', '09.55', 'Kota Otorita Batam', '2015-10-18 09:47:11', 1, '2015-10-18 09:47:11', 1),
(211, '10', '10.01', 'Kab. Batang Hari', '2015-10-18 09:47:11', 1, '2015-10-18 09:47:11', 1),
(212, '10', '10.02', 'Kab. Tanjung Jabung Barat', '2015-10-18 09:47:11', 1, '2015-10-18 09:47:11', 1),
(213, '10', '10.03', 'Kab. Bungo', '2015-10-18 09:47:11', 1, '2015-10-18 09:47:11', 1),
(214, '10', '10.04', 'Kab. Sarolangun', '2015-10-18 09:47:11', 1, '2015-10-18 09:47:11', 1),
(215, '10', '10.05', 'Kab. Kerinci', '2015-10-18 09:47:11', 1, '2015-10-18 09:47:11', 1),
(216, '10', '10.06', 'Kab. Merangin', '2015-10-18 09:47:11', 1, '2015-10-18 09:47:11', 1),
(217, '10', '10.07', 'Kab. Tanjung Jabung Timur', '2015-10-18 09:47:11', 1, '2015-10-18 09:47:11', 1),
(218, '10', '10.08', 'Kab. Tebo', '2015-10-18 09:47:11', 1, '2015-10-18 09:47:11', 1),
(219, '10', '10.09', 'Kab. Muaro Jambi', '2015-10-18 09:47:12', 1, '2015-10-18 09:47:12', 1),
(220, '10', '10.51', 'Kota Jambi', '2015-10-18 09:47:12', 1, '2015-10-18 09:47:12', 1),
(221, '10', '10.52', 'Kota Sungai Penuh', '2015-10-18 09:47:12', 1, '2015-10-18 09:47:12', 1),
(222, '11', '11.03', 'Kab. Musi Banyuasin', '2015-10-18 09:47:12', 1, '2015-10-18 09:47:12', 1),
(223, '11', '11.04', 'Kab. Ogan Komering Ulu', '2015-10-18 09:47:12', 1, '2015-10-18 09:47:12', 1),
(224, '11', '11.05', 'Kab. Muara Enim', '2015-10-18 09:47:12', 1, '2015-10-18 09:47:12', 1),
(225, '11', '11.06', 'Kab. Lahat', '2015-10-18 09:47:12', 1, '2015-10-18 09:47:12', 1),
(226, '11', '11.07', 'Kab. Musi Rawas', '2015-10-18 09:47:12', 1, '2015-10-18 09:47:12', 1),
(227, '11', '11.08', 'Kab. Ogan Komering Ilir', '2015-10-18 09:47:12', 1, '2015-10-18 09:47:12', 1),
(228, '11', '11.09', 'Kab. Banyu Asin', '2015-10-18 09:47:12', 1, '2015-10-18 09:47:12', 1),
(229, '11', '11.10', 'Kab. Ogan Komering Ulu Timur', '2015-10-18 09:47:12', 1, '2015-10-18 09:47:12', 1),
(230, '11', '11.11', 'Kab. Ogan Komering Ulu Selatan', '2015-10-18 09:47:12', 1, '2015-10-18 09:47:12', 1),
(231, '11', '11.12', 'Kab. Ogan Ilir', '2015-10-18 09:47:12', 1, '2015-10-18 09:47:12', 1),
(232, '11', '11.13', 'Kab. Oku Utara', '2015-10-18 09:47:12', 1, '2015-10-18 09:47:12', 1),
(233, '11', '11.15', 'Kab. Idralaya', '2015-10-18 09:47:12', 1, '2015-10-18 09:47:12', 1),
(234, '11', '11.16', 'Kab. Batu Raja', '2015-10-18 09:47:12', 1, '2015-10-18 09:47:12', 1),
(235, '11', '11.17', 'Kab. Empat Lawang', '2015-10-18 09:47:12', 1, '2015-10-18 09:47:12', 1),
(236, '11', '11.18', 'Kab. Penukal Abab Lematang Ilir', '2015-10-18 09:47:12', 1, '2015-10-18 09:47:12', 1),
(237, '11', '11.19', 'Kab. Musi Rawas Utara', '2015-10-18 09:47:12', 1, '2015-10-18 09:47:12', 1),
(238, '11', '11.51', 'Kota Palembang', '2015-10-18 09:47:13', 1, '2015-10-18 09:47:13', 1),
(239, '11', '11.53', 'Kota Prabumulih', '2015-10-18 09:47:13', 1, '2015-10-18 09:47:13', 1),
(240, '11', '11.54', 'Kota Pagar Alam', '2015-10-18 09:47:13', 1, '2015-10-18 09:47:13', 1),
(241, '11', '11.55', 'Kota Lubuklinggau', '2015-10-18 09:47:13', 1, '2015-10-18 09:47:13', 1),
(242, '12', '12.01', 'Kab. Lampung Selatan', '2015-10-18 09:47:13', 1, '2015-10-18 09:47:13', 1),
(243, '12', '12.02', 'Kab. Lampung Tengah', '2015-10-18 09:47:13', 1, '2015-10-18 09:47:13', 1),
(244, '12', '12.03', 'Kab. Lampung Utara', '2015-10-18 09:47:13', 1, '2015-10-18 09:47:13', 1),
(245, '12', '12.04', 'Kab. Lampung Barat', '2015-10-18 09:47:13', 1, '2015-10-18 09:47:13', 1),
(246, '12', '12.05', 'Kab. Tulangbawang', '2015-10-18 09:47:13', 1, '2015-10-18 09:47:13', 1),
(247, '12', '12.06', 'Kab. Tanggamus', '2015-10-18 09:47:13', 1, '2015-10-18 09:47:13', 1),
(248, '12', '12.07', 'Kab. Lampung Timur', '2015-10-18 09:47:13', 1, '2015-10-18 09:47:13', 1),
(249, '12', '12.08', 'Kab. Way Kanan', '2015-10-18 09:47:13', 1, '2015-10-18 09:47:13', 1),
(250, '12', '12.09', 'Kab. Pesawaran', '2015-10-18 09:47:13', 1, '2015-10-18 09:47:13', 1),
(251, '12', '12.10', 'Kab. Pringsewu', '2015-10-18 09:47:14', 1, '2015-10-18 09:47:14', 1),
(252, '12', '12.11', 'Kab. Mesuji', '2015-10-18 09:47:14', 1, '2015-10-18 09:47:14', 1),
(253, '12', '12.12', 'Kab. Tulang Bawang Barat', '2015-10-18 09:47:14', 1, '2015-10-18 09:47:14', 1),
(254, '12', '12.13', 'Kab. Pesisir Barat', '2015-10-18 09:47:14', 1, '2015-10-18 09:47:14', 1),
(255, '12', '12.51', 'Kota Bandar Lampung', '2015-10-18 09:47:14', 1, '2015-10-18 09:47:14', 1),
(256, '12', '12.52', 'Kota Metro', '2015-10-18 09:47:14', 1, '2015-10-18 09:47:14', 1),
(257, '13', '13.01', 'Kab. Sambas', '2015-10-18 09:47:14', 1, '2015-10-18 09:47:14', 1),
(258, '13', '13.02', 'Kab. Sanggau', '2015-10-18 09:47:14', 1, '2015-10-18 09:47:14', 1),
(259, '13', '13.03', 'Kab. Sintang', '2015-10-18 09:47:14', 1, '2015-10-18 09:47:14', 1),
(260, '13', '13.04', 'Kab. Pontianak', '2015-10-18 09:47:14', 1, '2015-10-18 09:47:14', 1),
(261, '13', '13.05', 'Kab. Kapuas Hulu', '2015-10-18 09:47:14', 1, '2015-10-18 09:47:14', 1),
(262, '13', '13.06', 'Kab. Ketapang', '2015-10-18 09:47:14', 1, '2015-10-18 09:47:14', 1),
(263, '13', '13.07', 'Kab. Bengkayang', '2015-10-18 09:47:14', 1, '2015-10-18 09:47:14', 1),
(264, '13', '13.08', 'Kab. Landak', '2015-10-18 09:47:14', 1, '2015-10-18 09:47:14', 1),
(265, '13', '13.09', 'Kab. Melawi', '2015-10-18 09:47:14', 1, '2015-10-18 09:47:14', 1),
(266, '13', '13.10', 'Kab. Sekadau', '2015-10-18 09:47:14', 1, '2015-10-18 09:47:14', 1),
(267, '13', '13.11', 'Kab. Kayong Utara', '2015-10-18 09:47:14', 1, '2015-10-18 09:47:14', 1),
(268, '13', '13.12', 'Kab. Kubu Raya', '2015-10-18 09:47:14', 1, '2015-10-18 09:47:14', 1),
(269, '13', '13.51', 'Kota Pontianak', '2015-10-18 09:47:15', 1, '2015-10-18 09:47:15', 1),
(270, '13', '13.52', 'Kota Singkawang', '2015-10-18 09:47:15', 1, '2015-10-18 09:47:15', 1),
(271, '14', '14.01', 'Kab. Kapuas', '2015-10-18 09:47:15', 1, '2015-10-18 09:47:15', 1),
(272, '14', '14.02', 'Kab. Barito Utara', '2015-10-18 09:47:15', 1, '2015-10-18 09:47:15', 1),
(273, '14', '14.03', 'Kab. Barito Selatan', '2015-10-18 09:47:15', 1, '2015-10-18 09:47:15', 1),
(274, '14', '14.04', 'Kab. Kotawaringin Timur', '2015-10-18 09:47:15', 1, '2015-10-18 09:47:15', 1),
(275, '14', '14.05', 'Kab. Kotawaringin Barat', '2015-10-18 09:47:15', 1, '2015-10-18 09:47:15', 1),
(276, '14', '14.06', 'Kab. Katingan', '2015-10-18 09:47:15', 1, '2015-10-18 09:47:15', 1),
(277, '14', '14.07', 'Kab. Seruyan', '2015-10-18 09:47:15', 1, '2015-10-18 09:47:15', 1),
(278, '14', '14.08', 'Kab. Sukamara', '2015-10-18 09:47:15', 1, '2015-10-18 09:47:15', 1),
(279, '14', '14.09', 'Kab. Lamandau', '2015-10-18 09:47:15', 1, '2015-10-18 09:47:15', 1),
(280, '14', '14.10', 'Kab. Gunung Mas', '2015-10-18 09:47:15', 1, '2015-10-18 09:47:15', 1),
(281, '14', '14.11', 'Kab. Pulang Pisau', '2015-10-18 09:47:15', 1, '2015-10-18 09:47:15', 1),
(282, '14', '14.12', 'Kab. Murung Raya', '2015-10-18 09:47:15', 1, '2015-10-18 09:47:15', 1),
(283, '14', '14.13', 'Kab. Barito Timur', '2015-10-18 09:47:15', 1, '2015-10-18 09:47:15', 1),
(284, '14', '14.51', 'Kota Palangka Raya', '2015-10-18 09:47:15', 1, '2015-10-18 09:47:15', 1),
(285, '15', '15.01', 'Kab. Banjar', '2015-10-18 09:47:15', 1, '2015-10-18 09:47:15', 1),
(286, '15', '15.02', 'Kab. Tanah Laut', '2015-10-18 09:47:15', 1, '2015-10-18 09:47:15', 1),
(287, '15', '15.03', 'Kab. Tapin', '2015-10-18 09:47:15', 1, '2015-10-18 09:47:15', 1),
(288, '15', '15.04', 'Kab. Hulu Sungai Selatan', '2015-10-18 09:47:15', 1, '2015-10-18 09:47:15', 1),
(289, '15', '15.05', 'Kab. Hulu Sungai Tengah', '2015-10-18 09:47:15', 1, '2015-10-18 09:47:15', 1),
(290, '15', '15.06', 'Kab. Barito Kuala', '2015-10-18 09:47:16', 1, '2015-10-18 09:47:16', 1),
(291, '15', '15.07', 'Kab. Tabalong', '2015-10-18 09:47:16', 1, '2015-10-18 09:47:16', 1),
(292, '15', '15.08', 'Kab. Kota Baru', '2015-10-18 09:47:16', 1, '2015-10-18 09:47:16', 1),
(293, '15', '15.09', 'Kab. Hulu Sungai Utara', '2015-10-18 09:47:16', 1, '2015-10-18 09:47:16', 1),
(294, '15', '15.10', 'Kab. Tanah Bumbu', '2015-10-18 09:47:16', 1, '2015-10-18 09:47:16', 1),
(295, '15', '15.11', 'Kab. Balangan', '2015-10-18 09:47:16', 1, '2015-10-18 09:47:16', 1),
(296, '15', '15.51', 'Kota Banjarmasin', '2015-10-18 09:47:16', 1, '2015-10-18 09:47:16', 1),
(297, '15', '15.52', 'Kota Banjar Baru', '2015-10-18 09:47:16', 1, '2015-10-18 09:47:16', 1),
(298, '16', '16.01', 'Kab. Kutai', '2015-10-18 09:47:16', 1, '2015-10-18 09:47:16', 1),
(299, '16', '16.02', 'Kab. Paser', '2015-10-18 09:47:16', 1, '2015-10-18 09:47:16', 1),
(300, '16', '16.03', 'Kab. Bulungan', '2015-10-18 09:47:16', 1, '2015-10-18 09:47:16', 1),
(301, '16', '16.04', 'Kab. Berau', '2015-10-18 09:47:16', 1, '2015-10-18 09:47:16', 1),
(302, '16', '16.05', 'Kab. Nunukan', '2015-10-18 09:47:16', 1, '2015-10-18 09:47:16', 1),
(303, '16', '16.06', 'Kab. Malinau', '2015-10-18 09:47:16', 1, '2015-10-18 09:47:16', 1),
(304, '16', '16.07', 'Kab. Kutai Barat', '2015-10-18 09:47:16', 1, '2015-10-18 09:47:16', 1),
(305, '16', '16.08', 'Kab. Kutai Timur', '2015-10-18 09:47:16', 1, '2015-10-18 09:47:16', 1),
(306, '16', '16.09', 'Kab. Penajam Paser Utara', '2015-10-18 09:47:16', 1, '2015-10-18 09:47:16', 1),
(307, '16', '16.10', 'Kab. Kutai Kartanegara', '2015-10-18 09:47:16', 1, '2015-10-18 09:47:16', 1),
(308, '16', '16.11', 'Kab. Tenggarong', '2015-10-18 09:47:16', 1, '2015-10-18 09:47:16', 1),
(309, '16', '16.12', 'Kab. Tana Tidung', '2015-10-18 09:47:16', 1, '2015-10-18 09:47:16', 1),
(310, '16', '16.13', 'Kab. Mahakam Ulu', '2015-10-18 09:47:16', 1, '2015-10-18 09:47:16', 1),
(311, '16', '16.51', 'Kota Samarinda', '2015-10-18 09:47:16', 1, '2015-10-18 09:47:16', 1),
(312, '16', '16.52', 'Kota Balikpapan', '2015-10-18 09:47:17', 1, '2015-10-18 09:47:17', 1),
(313, '16', '16.53', 'Kota Tarakan', '2015-10-18 09:47:17', 1, '2015-10-18 09:47:17', 1),
(314, '16', '16.54', 'Kota Bontang', '2015-10-18 09:47:17', 1, '2015-10-18 09:47:17', 1),
(315, '17', '17.02', 'Kab. Minahasa', '2015-10-18 09:47:17', 1, '2015-10-18 09:47:17', 1),
(316, '17', '17.03', 'Kab. Bolaang Mongondow', '2015-10-18 09:47:17', 1, '2015-10-18 09:47:17', 1),
(317, '17', '17.04', 'Kab. Kepulauan Sangihe', '2015-10-18 09:47:17', 1, '2015-10-18 09:47:17', 1),
(318, '17', '17.05', 'Kab. Kepulauan Talaud', '2015-10-18 09:47:17', 1, '2015-10-18 09:47:17', 1),
(319, '17', '17.06', 'Kab. Minahasa Selatan', '2015-10-18 09:47:17', 1, '2015-10-18 09:47:17', 1),
(320, '17', '17.07', 'Kab. Tomohon', '2015-10-18 09:47:17', 1, '2015-10-18 09:47:17', 1),
(321, '17', '17.08', 'Kab. Minahasa Utara', '2015-10-18 09:47:17', 1, '2015-10-18 09:47:17', 1),
(322, '17', '17.09', 'Kab. Kep.sangihe Talaud', '2015-10-18 09:47:17', 1, '2015-10-18 09:47:17', 1),
(323, '17', '17.10', 'Kab. Minahasa Tenggara', '2015-10-18 09:47:17', 1, '2015-10-18 09:47:17', 1),
(324, '17', '17.11', 'Kab. Bolaang Mongondow Utara', '2015-10-18 09:47:17', 1, '2015-10-18 09:47:17', 1),
(325, '17', '17.12', 'Kab. Kep. Siau Tagulandang Biaro', '2015-10-18 09:47:17', 1, '2015-10-18 09:47:17', 1),
(326, '17', '17.13', 'Kab. Bolaang Mongondow Selatan', '2015-10-18 09:47:17', 1, '2015-10-18 09:47:17', 1),
(327, '17', '17.14', 'Kab. Bolaang Mongondow Timur', '2015-10-18 09:47:17', 1, '2015-10-18 09:47:17', 1),
(328, '17', '17.51', 'Kota Manado', '2015-10-18 09:47:18', 1, '2015-10-18 09:47:18', 1),
(329, '17', '17.52', 'Kota Tomohon', '2015-10-18 09:47:18', 1, '2015-10-18 09:47:18', 1),
(330, '17', '17.53', 'Kota Bitung', '2015-10-18 09:47:18', 1, '2015-10-18 09:47:18', 1),
(331, '17', '17.54', 'Kota Kotamobago', '2015-10-18 09:47:18', 1, '2015-10-18 09:47:18', 1),
(332, '18', '18.01', 'Kab. Poso', '2015-10-18 09:47:18', 1, '2015-10-18 09:47:18', 1),
(333, '18', '18.02', 'Kab. Donggala', '2015-10-18 09:47:18', 1, '2015-10-18 09:47:18', 1),
(334, '18', '18.03', 'Kab. Toli-toli', '2015-10-18 09:47:18', 1, '2015-10-18 09:47:18', 1),
(335, '18', '18.04', 'Kab. Banggai', '2015-10-18 09:47:18', 1, '2015-10-18 09:47:18', 1),
(336, '18', '18.05', 'Kab. Buol', '2015-10-18 09:47:18', 1, '2015-10-18 09:47:18', 1),
(337, '18', '18.06', 'Kab. Morowali', '2015-10-18 09:47:18', 1, '2015-10-18 09:47:18', 1),
(338, '18', '18.07', 'Kab. Banggai Kepulauan', '2015-10-18 09:47:18', 1, '2015-10-18 09:47:18', 1),
(339, '18', '18.08', 'Kab. Parigi Moutong', '2015-10-18 09:47:18', 1, '2015-10-18 09:47:18', 1),
(340, '18', '18.09', 'Kab. Tojo Una-una', '2015-10-18 09:47:18', 1, '2015-10-18 09:47:18', 1),
(341, '18', '18.12', 'Kab. Sigi', '2015-10-18 09:47:18', 1, '2015-10-18 09:47:18', 1),
(342, '18', '18.13', 'Kab. Banggai Laut', '2015-10-18 09:47:18', 1, '2015-10-18 09:47:18', 1),
(343, '18', '18.14', 'Kab. Morowali Utara', '2015-10-18 09:47:18', 1, '2015-10-18 09:47:18', 1),
(344, '18', '18.51', 'Kota Palu', '2015-10-18 09:47:19', 1, '2015-10-18 09:47:19', 1),
(345, '19', '19.01', 'Kab. Pinrang', '2015-10-18 09:47:19', 1, '2015-10-18 09:47:19', 1),
(346, '19', '19.02', 'Kab. Gowa', '2015-10-18 09:47:19', 1, '2015-10-18 09:47:19', 1),
(347, '19', '19.03', 'Kab. Wajo', '2015-10-18 09:47:19', 1, '2015-10-18 09:47:19', 1),
(348, '19', '19.05', 'Kab. Bone', '2015-10-18 09:47:19', 1, '2015-10-18 09:47:19', 1),
(349, '19', '19.06', 'Kab. Tana Toraja', '2015-10-18 09:47:19', 1, '2015-10-18 09:47:19', 1),
(350, '19', '19.07', 'Kab. Maros', '2015-10-18 09:47:19', 1, '2015-10-18 09:47:19', 1),
(351, '19', '19.09', 'Kab. Luwu', '2015-10-18 09:47:19', 1, '2015-10-18 09:47:19', 1),
(352, '19', '19.10', 'Kab. Sinjai', '2015-10-18 09:47:19', 1, '2015-10-18 09:47:19', 1),
(353, '19', '19.11', 'Kab. Bulukumba', '2015-10-18 09:47:19', 1, '2015-10-18 09:47:19', 1),
(354, '19', '19.12', 'Kab. Bantaeng', '2015-10-18 09:47:19', 1, '2015-10-18 09:47:19', 1),
(355, '19', '19.13', 'Kab. Jeneponto', '2015-10-18 09:47:19', 1, '2015-10-18 09:47:19', 1),
(356, '19', '19.14', 'Kab. Kepulauan Selayar', '2015-10-18 09:47:19', 1, '2015-10-18 09:47:19', 1),
(357, '19', '19.15', 'Kab. Takalar', '2015-10-18 09:47:19', 1, '2015-10-18 09:47:19', 1),
(358, '19', '19.16', 'Kab. Barru', '2015-10-18 09:47:20', 1, '2015-10-18 09:47:20', 1),
(359, '19', '19.17', 'Kab. Sidenreng Rappang', '2015-10-18 09:47:20', 1, '2015-10-18 09:47:20', 1),
(360, '19', '19.18', 'Kab. Pangkajene Dan Kepulauan', '2015-10-18 09:47:20', 1, '2015-10-18 09:47:20', 1),
(361, '19', '19.19', 'Kab. Soppeng', '2015-10-18 09:47:20', 1, '2015-10-18 09:47:20', 1),
(362, '19', '19.21', 'Kab. Enrekang', '2015-10-18 09:47:20', 1, '2015-10-18 09:47:20', 1),
(363, '19', '19.22', 'Kab. Luwu Utara', '2015-10-18 09:47:20', 1, '2015-10-18 09:47:20', 1),
(364, '19', '19.24', 'Kab. Luwu Timur', '2015-10-18 09:47:20', 1, '2015-10-18 09:47:20', 1),
(365, '19', '19.25', 'Kab. Toraja Utara', '2015-10-18 09:47:20', 1, '2015-10-18 09:47:20', 1),
(366, '19', '19.51', 'Kota Makassar', '2015-10-18 09:47:20', 1, '2015-10-18 09:47:20', 1),
(367, '19', '19.52', 'Kota Pare-pare', '2015-10-18 09:47:20', 1, '2015-10-18 09:47:20', 1),
(368, '19', '19.53', 'Kota Palopo', '2015-10-18 09:47:20', 1, '2015-10-18 09:47:20', 1),
(369, '20', '20.01', 'Kab. Kendari (sdh Tidak Ada)', '2015-10-18 09:47:20', 1, '2015-10-18 09:47:20', 1),
(370, '20', '20.02', 'Kab. Buton', '2015-10-18 09:47:20', 1, '2015-10-18 09:47:20', 1),
(371, '20', '20.03', 'Kab. Muna', '2015-10-18 09:47:20', 1, '2015-10-18 09:47:20', 1),
(372, '20', '20.04', 'Kab. Kolaka', '2015-10-18 09:47:20', 1, '2015-10-18 09:47:20', 1),
(373, '20', '20.05', 'Kab. Konawe Selatan', '2015-10-18 09:47:20', 1, '2015-10-18 09:47:20', 1),
(374, '20', '20.06', 'Kab. Bombana', '2015-10-18 09:47:20', 1, '2015-10-18 09:47:20', 1),
(375, '20', '20.07', 'Kab. Wakatobi', '2015-10-18 09:47:20', 1, '2015-10-18 09:47:20', 1),
(376, '20', '20.08', 'Kab. Kolaka Utara', '2015-10-18 09:47:20', 1, '2015-10-18 09:47:20', 1),
(377, '20', '20.09', 'Kab. Konawe', '2015-10-18 09:47:20', 1, '2015-10-18 09:47:20', 1),
(378, '20', '20.10', 'Kab. Konawe Utara', '2015-10-18 09:47:20', 1, '2015-10-18 09:47:20', 1),
(379, '20', '20.11', 'Kab. Buton Utara', '2015-10-18 09:47:21', 1, '2015-10-18 09:47:21', 1),
(380, '20', '20.12', 'Kab. Kolaka Timur', '2015-10-18 09:47:21', 1, '2015-10-18 09:47:21', 1),
(381, '20', '20.13', 'Kab. Konawe Kepulauan', '2015-10-18 09:47:21', 1, '2015-10-18 09:47:21', 1),
(382, '20', '20.51', 'Kota Kendari', '2015-10-18 09:47:21', 1, '2015-10-18 09:47:21', 1),
(383, '20', '20.52', 'Kota Bau-bau', '2015-10-18 09:47:21', 1, '2015-10-18 09:47:21', 1),
(384, '20', '20.53', 'Kab. Muna Barat', '2015-10-18 09:47:21', 1, '2015-10-18 09:47:21', 1),
(385, '20', '20.54', 'Kab. Buton Selatan', '2015-10-18 09:47:21', 1, '2015-10-18 09:47:21', 1),
(386, '20', '20.55', 'Kab. Buton Tengah', '2015-10-18 09:47:21', 1, '2015-10-18 09:47:21', 1),
(387, '21', '21.01', 'Kab. Maluku Tengah', '2015-10-18 09:47:21', 1, '2015-10-18 09:47:21', 1),
(388, '21', '21.02', 'Kab. Maluku Tenggara', '2015-10-18 09:47:21', 1, '2015-10-18 09:47:21', 1),
(389, '21', '21.03', 'Kab. Maluku Tenggara Barat', '2015-10-18 09:47:21', 1, '2015-10-18 09:47:21', 1),
(390, '21', '21.04', 'Kab. Buru', '2015-10-18 09:47:21', 1, '2015-10-18 09:47:21', 1),
(391, '21', '21.05', 'Kab. Kepulauan Aru', '2015-10-18 09:47:21', 1, '2015-10-18 09:47:21', 1),
(392, '21', '21.06', 'Kab. Seram Bagian Barat', '2015-10-18 09:47:21', 1, '2015-10-18 09:47:21', 1),
(393, '21', '21.07', 'Kab. Seram Bagian Timur', '2015-10-18 09:47:21', 1, '2015-10-18 09:47:21', 1),
(394, '21', '21.08', 'Kab. Maluku', '2015-10-18 09:47:21', 1, '2015-10-18 09:47:21', 1),
(395, '21', '21.09', 'Kab. Maluku Barat Daya', '2015-10-18 09:47:21', 1, '2015-10-18 09:47:21', 1),
(396, '21', '21.10', 'Kab. Buru Selatan', '2015-10-18 09:47:22', 1, '2015-10-18 09:47:22', 1),
(397, '21', '21.51', 'Kota Ambon', '2015-10-18 09:47:22', 1, '2015-10-18 09:47:22', 1),
(398, '21', '21.52', 'Kota Tual', '2015-10-18 09:47:22', 1, '2015-10-18 09:47:22', 1),
(399, '22', '22.01', 'Kab. Buleleng', '2015-10-18 09:47:22', 1, '2015-10-18 09:47:22', 1),
(400, '22', '22.02', 'Kab. Jembrana', '2015-10-18 09:47:22', 1, '2015-10-18 09:47:22', 1),
(401, '22', '22.03', 'Kab. Klungkung', '2015-10-18 09:47:22', 1, '2015-10-18 09:47:22', 1),
(402, '22', '22.04', 'Kab. Gianyar', '2015-10-18 09:47:22', 1, '2015-10-18 09:47:22', 1),
(403, '22', '22.05', 'Kab. Karang Asem', '2015-10-18 09:47:22', 1, '2015-10-18 09:47:22', 1),
(404, '22', '22.06', 'Kab. Bangli', '2015-10-18 09:47:22', 1, '2015-10-18 09:47:22', 1),
(405, '22', '22.07', 'Kab. Badung', '2015-10-18 09:47:22', 1, '2015-10-18 09:47:22', 1),
(406, '22', '22.08', 'Kab. Tabanan', '2015-10-18 09:47:22', 1, '2015-10-18 09:47:22', 1),
(407, '22', '22.09', 'Kab. Negara', '2015-10-18 09:47:22', 1, '2015-10-18 09:47:22', 1),
(408, '22', '22.51', 'Kota Denpasar', '2015-10-18 09:47:22', 1, '2015-10-18 09:47:22', 1),
(409, '23', '23.01', 'Kab. Lombok Barat', '2015-10-18 09:47:22', 1, '2015-10-18 09:47:22', 1),
(410, '23', '23.02', 'Kab. Lombok Tengah', '2015-10-18 09:47:22', 1, '2015-10-18 09:47:22', 1),
(411, '23', '23.03', 'Kab. Lombok Timur', '2015-10-18 09:47:22', 1, '2015-10-18 09:47:22', 1),
(412, '23', '23.04', 'Kab. Bima', '2015-10-18 09:47:22', 1, '2015-10-18 09:47:22', 1),
(413, '23', '23.05', 'Kab. Sumbawa', '2015-10-18 09:47:22', 1, '2015-10-18 09:47:22', 1),
(414, '23', '23.06', 'Kab. Dompu', '2015-10-18 09:47:23', 1, '2015-10-18 09:47:23', 1),
(415, '23', '23.07', 'Kab. Sumbawa Barat', '2015-10-18 09:47:23', 1, '2015-10-18 09:47:23', 1),
(416, '23', '23.08', 'Kab. Lombok Utara', '2015-10-18 09:47:23', 1, '2015-10-18 09:47:23', 1),
(417, '23', '23.51', 'Kota Mataram', '2015-10-18 09:47:23', 1, '2015-10-18 09:47:23', 1),
(418, '23', '23.52', 'Kota Bima', '2015-10-18 09:47:23', 1, '2015-10-18 09:47:23', 1),
(419, '24', '24.01', 'Kab. Kupang', '2015-10-18 09:47:23', 1, '2015-10-18 09:47:23', 1),
(420, '24', '24.02', 'Kab. Belu', '2015-10-18 09:47:23', 1, '2015-10-18 09:47:23', 1),
(421, '24', '24.03', 'Kab. Timor Tengah Utara', '2015-10-18 09:47:23', 1, '2015-10-18 09:47:23', 1),
(422, '24', '24.04', 'Kab. Timor Tengah Selatan', '2015-10-18 09:47:23', 1, '2015-10-18 09:47:23', 1),
(423, '24', '24.05', 'Kab. Alor', '2015-10-18 09:47:23', 1, '2015-10-18 09:47:23', 1),
(424, '24', '24.06', 'Kab. Sikka', '2015-10-18 09:47:23', 1, '2015-10-18 09:47:23', 1),
(425, '24', '24.07', 'Kab. Flores Timur', '2015-10-18 09:47:23', 1, '2015-10-18 09:47:23', 1),
(426, '24', '24.08', 'Kab. Ende', '2015-10-18 09:47:23', 1, '2015-10-18 09:47:23', 1),
(427, '24', '24.09', 'Kab. Ngada', '2015-10-18 09:47:23', 1, '2015-10-18 09:47:23', 1),
(428, '24', '24.10', 'Kab. Manggarai', '2015-10-18 09:47:23', 1, '2015-10-18 09:47:23', 1),
(429, '24', '24.11', 'Kab. Sumba Timur', '2015-10-18 09:47:23', 1, '2015-10-18 09:47:23', 1),
(430, '24', '24.12', 'Kab. Sumba Barat', '2015-10-18 09:47:23', 1, '2015-10-18 09:47:23', 1),
(431, '24', '24.13', 'Kab. Lembata', '2015-10-18 09:47:23', 1, '2015-10-18 09:47:23', 1),
(432, '24', '24.14', 'Kab. Rote Ndao', '2015-10-18 09:47:23', 1, '2015-10-18 09:47:23', 1),
(433, '24', '24.15', 'Kab. Manggarai Barat', '2015-10-18 09:47:23', 1, '2015-10-18 09:47:23', 1),
(434, '24', '24.16', 'Kab. Timor', '2015-10-18 09:47:24', 1, '2015-10-18 09:47:24', 1),
(435, '24', '24.17', 'Kab. Nagekeo', '2015-10-18 09:47:24', 1, '2015-10-18 09:47:24', 1),
(436, '24', '24.18', 'Kab. Sumba Tengah', '2015-10-18 09:47:24', 1, '2015-10-18 09:47:24', 1),
(437, '24', '24.19', 'Kab. Sumba Barat Daya', '2015-10-18 09:47:24', 1, '2015-10-18 09:47:24', 1),
(438, '24', '24.20', 'Kab. Manggarai Timur', '2015-10-18 09:47:24', 1, '2015-10-18 09:47:24', 1),
(439, '24', '24.21', 'Kab. Sabu Raijua', '2015-10-18 09:47:24', 1, '2015-10-18 09:47:24', 1),
(440, '24', '24.22', 'Kab. Malaka', '2015-10-18 09:47:24', 1, '2015-10-18 09:47:24', 1),
(441, '24', '24.51', 'Kota Kupang', '2015-10-18 09:47:24', 1, '2015-10-18 09:47:24', 1),
(442, '24', '24.53', 'Kab. Ruteng', '2015-10-18 09:47:24', 1, '2015-10-18 09:47:24', 1),
(443, '24', '24.54', 'Kab. Malaka', '2015-10-18 09:47:24', 1, '2015-10-18 09:47:24', 1),
(444, '25', '25.01', 'Kab. Jayapura', '2015-10-18 09:47:24', 1, '2015-10-18 09:47:24', 1),
(445, '25', '25.02', 'Kab. Yapen Waropen', '2015-10-18 09:47:24', 1, '2015-10-18 09:47:24', 1),
(446, '25', '25.04', 'Kab. Kepulauan Yapen', '2015-10-18 09:47:24', 1, '2015-10-18 09:47:24', 1),
(447, '25', '25.07', 'Kab. Merauke', '2015-10-18 09:47:24', 1, '2015-10-18 09:47:24', 1),
(448, '25', '25.08', 'Kab. Jayawijaya', '2015-10-18 09:47:24', 1, '2015-10-18 09:47:24', 1),
(449, '25', '25.09', 'Kab. Paniai', '2015-10-18 09:47:24', 1, '2015-10-18 09:47:24', 1),
(450, '25', '25.10', 'Kab. Nabire', '2015-10-18 09:47:24', 1, '2015-10-18 09:47:24', 1),
(451, '25', '25.11', 'Kab. Puncak Jaya', '2015-10-18 09:47:24', 1, '2015-10-18 09:47:24', 1),
(452, '25', '25.12', 'Kab. Mimika', '2015-10-18 09:47:24', 1, '2015-10-18 09:47:24', 1),
(453, '25', '25.13', 'Kab. Mappi', '2015-10-18 09:47:25', 1, '2015-10-18 09:47:25', 1),
(454, '25', '25.14', 'Kab. Asmat', '2015-10-18 09:47:25', 1, '2015-10-18 09:47:25', 1),
(455, '25', '25.15', 'Kab. Boven Digoel', '2015-10-18 09:47:25', 1, '2015-10-18 09:47:25', 1),
(456, '25', '25.16', 'Kab. Sarmi', '2015-10-18 09:47:25', 1, '2015-10-18 09:47:25', 1),
(457, '25', '25.17', 'Kab. Keerom', '2015-10-18 09:47:25', 1, '2015-10-18 09:47:25', 1),
(458, '25', '25.18', 'Kab. Tolikara', '2015-10-18 09:47:25', 1, '2015-10-18 09:47:25', 1),
(459, '25', '25.19', 'Kab. Pegunungan Bintang', '2015-10-18 09:47:25', 1, '2015-10-18 09:47:25', 1),
(460, '25', '25.20', 'Kab. Mamberamo Raya', '2015-10-18 09:47:25', 1, '2015-10-18 09:47:25', 1),
(461, '25', '25.23', 'Kab. Waropen', '2015-10-18 09:47:25', 1, '2015-10-18 09:47:25', 1),
(462, '25', '25.24', 'Kab. Yahukimo', '2015-10-18 09:47:25', 1, '2015-10-18 09:47:25', 1),
(463, '25', '25.27', 'Kab. Supiori', '2015-10-18 09:47:25', 1, '2015-10-18 09:47:25', 1),
(464, '25', '25.28', 'Kab. Mamberamo Tengah', '2015-10-18 09:47:25', 1, '2015-10-18 09:47:25', 1),
(465, '25', '25.29', 'Kab. Lanny Jaya', '2015-10-18 09:47:25', 1, '2015-10-18 09:47:25', 1),
(466, '25', '25.30', 'Kab. Dogiyai', '2015-10-18 09:47:25', 1, '2015-10-18 09:47:25', 1),
(467, '25', '25.31', 'Kab. Yalimo', '2015-10-18 09:47:25', 1, '2015-10-18 09:47:25', 1),
(468, '25', '25.32', 'Kab. Nduga', '2015-10-18 09:47:25', 1, '2015-10-18 09:47:25', 1),
(469, '25', '25.33', 'Kab. Puncak', '2015-10-18 09:47:25', 1, '2015-10-18 09:47:25', 1),
(470, '25', '25.34', 'Kab. Dayai', '2015-10-18 09:47:25', 1, '2015-10-18 09:47:25', 1),
(471, '25', '25.35', 'Kab. Intan Jaya', '2015-10-18 09:47:26', 1, '2015-10-18 09:47:26', 1),
(472, '25', '25.36', 'Kab. Deiyai', '2015-10-18 09:47:26', 1, '2015-10-18 09:47:26', 1),
(473, '25', '25.37', 'Kab. Biak Numfor', '2015-10-18 09:47:26', 1, '2015-10-18 09:47:26', 1),
(474, '25', '25.51', 'Kota Jayapura', '2015-10-18 09:47:26', 1, '2015-10-18 09:47:26', 1),
(475, '26', '26.01', 'Kab. Bengkulu Utara', '2015-10-18 09:47:26', 1, '2015-10-18 09:47:26', 1),
(476, '26', '26.02', 'Kab. Bengkulu Selatan', '2015-10-18 09:47:26', 1, '2015-10-18 09:47:26', 1),
(477, '26', '26.03', 'Kab. Rejang Lebong', '2015-10-18 09:47:26', 1, '2015-10-18 09:47:26', 1),
(478, '26', '26.04', 'Kab. Seluma', '2015-10-18 09:47:26', 1, '2015-10-18 09:47:26', 1),
(479, '26', '26.05', 'Kab. Kaur', '2015-10-18 09:47:26', 1, '2015-10-18 09:47:26', 1),
(480, '26', '26.06', 'Kab. Mukomuko', '2015-10-18 09:47:26', 1, '2015-10-18 09:47:26', 1),
(481, '26', '26.07', 'Kab. Lebong', '2015-10-18 09:47:26', 1, '2015-10-18 09:47:26', 1),
(482, '26', '26.08', 'Kab. Kepahiang', '2015-10-18 09:47:26', 1, '2015-10-18 09:47:26', 1),
(483, '26', '26.09', 'Kab. Bengkulu Tengah', '2015-10-18 09:47:26', 1, '2015-10-18 09:47:26', 1),
(484, '26', '26.51', 'Kota Bengkulu', '2015-10-18 09:47:26', 1, '2015-10-18 09:47:26', 1),
(485, '28', '28.01', 'Kab. Maluku Utara', '2015-10-18 09:47:26', 1, '2015-10-18 09:47:26', 1),
(486, '28', '28.02', 'Kab. Halmahera Tengah', '2015-10-18 09:47:26', 1, '2015-10-18 09:47:26', 1),
(487, '28', '28.03', 'Kab. Halmahera Utara', '2015-10-18 09:47:26', 1, '2015-10-18 09:47:26', 1),
(488, '28', '28.04', 'Kab. Halmahera Selatan', '2015-10-18 09:47:26', 1, '2015-10-18 09:47:26', 1),
(489, '28', '28.05', 'Kab. Kepulauan Sula', '2015-10-18 09:47:26', 1, '2015-10-18 09:47:26', 1),
(490, '28', '28.06', 'Kab. Halmahera Timur', '2015-10-18 09:47:27', 1, '2015-10-18 09:47:27', 1),
(491, '28', '28.07', 'Kab. Halmahera Barat', '2015-10-18 09:47:27', 1, '2015-10-18 09:47:27', 1),
(492, '28', '28.08', 'Kab. Pulau Morotai', '2015-10-18 09:47:27', 1, '2015-10-18 09:47:27', 1),
(493, '28', '28.09', 'Kab. Pulau Taliabu', '2015-10-18 09:47:27', 1, '2015-10-18 09:47:27', 1),
(494, '28', '28.51', 'Kota Ternate', '2015-10-18 09:47:27', 1, '2015-10-18 09:47:27', 1),
(495, '28', '28.52', 'Kota Tidore', '2015-10-18 09:47:27', 1, '2015-10-18 09:47:27', 1),
(496, '28', '28.53', 'Kota Tidore Kepulauan', '2015-10-18 09:47:27', 1, '2015-10-18 09:47:27', 1),
(497, '29', '29.01', 'Kab. Serang', '2015-10-18 09:47:27', 1, '2015-10-18 09:47:27', 1),
(498, '29', '29.02', 'Kab. Pandeglang', '2015-10-18 09:47:27', 1, '2015-10-18 09:47:27', 1),
(499, '29', '29.03', 'Kab. Lebak', '2015-10-18 09:47:27', 1, '2015-10-18 09:47:27', 1),
(500, '29', '29.04', 'Kab. Tangerang', '2015-10-18 09:47:27', 1, '2015-10-18 09:47:27', 1),
(501, '29', '29.51', 'Kota Tangerang', '2015-10-18 09:47:27', 1, '2015-10-18 09:47:27', 1),
(502, '29', '29.52', 'Kota Cilegon', '2015-10-18 09:47:27', 1, '2015-10-18 09:47:27', 1),
(503, '29', '29.53', 'Kota Serang', '2015-10-18 09:47:27', 1, '2015-10-18 09:47:27', 1),
(504, '29', '29.54', 'Kota Tangerang  Selatan', '2015-10-18 09:47:27', 1, '2015-10-18 09:47:27', 1),
(505, '30', '30.01', 'Kab. Belitung', '2015-10-18 09:47:27', 1, '2015-10-18 09:47:27', 1),
(506, '30', '30.02', 'Kab. Bangka', '2015-10-18 09:47:28', 1, '2015-10-18 09:47:28', 1),
(507, '30', '30.03', 'Kab. Bangka Barat', '2015-10-18 09:47:28', 1, '2015-10-18 09:47:28', 1),
(508, '30', '30.04', 'Kab. Bangka Tengah', '2015-10-18 09:47:28', 1, '2015-10-18 09:47:28', 1),
(509, '30', '30.05', 'Kab. Bangka Selatan', '2015-10-18 09:47:28', 1, '2015-10-18 09:47:28', 1),
(510, '30', '30.06', 'Kab. Belitung Timur', '2015-10-18 09:47:28', 1, '2015-10-18 09:47:28', 1),
(511, '30', '30.07', 'Kab. Sungai Liat', '2015-10-18 09:47:28', 1, '2015-10-18 09:47:28', 1),
(512, '30', '30.51', 'Kota Pangkal Pinang', '2015-10-18 09:47:28', 1, '2015-10-18 09:47:28', 1),
(513, '31', '31.01', 'Kab. Gorontalo', '2015-10-18 09:47:28', 1, '2015-10-18 09:47:28', 1),
(514, '31', '31.02', 'Kab. Boalemo', '2015-10-18 09:47:28', 1, '2015-10-18 09:47:28', 1),
(515, '31', '31.03', 'Kab. Pohuwato', '2015-10-18 09:47:28', 1, '2015-10-18 09:47:28', 1),
(516, '31', '31.04', 'Kab. Bone Bolango', '2015-10-18 09:47:28', 1, '2015-10-18 09:47:28', 1),
(517, '31', '31.05', 'Kab. Limboto', '2015-10-18 09:47:28', 1, '2015-10-18 09:47:28', 1),
(518, '31', '31.06', 'Kab. Marisa', '2015-10-18 09:47:28', 1, '2015-10-18 09:47:28', 1),
(519, '31', '31.07', 'Kab. Gorontalo Utara', '2015-10-18 09:47:28', 1, '2015-10-18 09:47:28', 1),
(520, '31', '31.51', 'Kota Gorontalo', '2015-10-18 09:47:28', 1, '2015-10-18 09:47:28', 1),
(521, '32', '32.01', 'Kab. Bintan', '2015-10-18 09:47:28', 1, '2015-10-18 09:47:28', 1),
(522, '32', '32.02', 'Kab. Karimun', '2015-10-18 09:47:28', 1, '2015-10-18 09:47:28', 1),
(523, '32', '32.03', 'Kab. Natuna', '2015-10-18 09:47:28', 1, '2015-10-18 09:47:28', 1),
(524, '32', '32.04', 'Kab. Lingga', '2015-10-18 09:47:28', 1, '2015-10-18 09:47:28', 1),
(525, '32', '32.05', 'Kab. Anambas', '2015-10-18 09:47:29', 1, '2015-10-18 09:47:29', 1),
(526, '32', '32.06', 'Kab. Barelang', '2015-10-18 09:47:29', 1, '2015-10-18 09:47:29', 1),
(527, '32', '32.07', 'Kab. Meranti', '2015-10-18 09:47:29', 1, '2015-10-18 09:47:29', 1),
(528, '32', '32.51', 'Kota B A T A M', '2015-10-18 09:47:29', 1, '2015-10-18 09:47:29', 1),
(529, '32', '32.52', 'Kota Tanjung Pinang', '2015-10-18 09:47:29', 1, '2015-10-18 09:47:29', 1),
(530, '33', '33.01', 'Kab. Manokwari', '2015-10-18 09:47:29', 1, '2015-10-18 09:47:29', 1),
(531, '33', '33.02', 'Kab. Sorong', '2015-10-18 09:47:29', 1, '2015-10-18 09:47:29', 1),
(532, '33', '33.03', 'Kab. Fakfak', '2015-10-18 09:47:29', 1, '2015-10-18 09:47:29', 1),
(533, '33', '33.04', 'Kab. Sorong Selatan', '2015-10-18 09:47:29', 1, '2015-10-18 09:47:29', 1),
(534, '33', '33.05', 'Kab. Raja Ampat', '2015-10-18 09:47:29', 1, '2015-10-18 09:47:29', 1),
(535, '33', '33.06', 'Kab. Teluk Bintuni', '2015-10-18 09:47:29', 1, '2015-10-18 09:47:29', 1),
(536, '33', '33.07', 'Kab. Teluk Wondama', '2015-10-18 09:47:29', 1, '2015-10-18 09:47:29', 1),
(537, '33', '33.08', 'Kab. Kaimana', '2015-10-18 09:47:30', 1, '2015-10-18 09:47:30', 1),
(538, '33', '33.09', 'Kab. Tambrauw', '2015-10-18 09:47:30', 1, '2015-10-18 09:47:30', 1),
(539, '33', '33.10', 'Kab. Maybrat', '2015-10-18 09:47:30', 1, '2015-10-18 09:47:30', 1),
(540, '33', '33.11', 'Kab. Pegunungan Arfak', '2015-10-18 09:47:30', 1, '2015-10-18 09:47:30', 1),
(541, '33', '33.12', 'Kab. Manokwari Selatan', '2015-10-18 09:47:30', 1, '2015-10-18 09:47:30', 1),
(542, '33', '33.51', 'Kota Sorong', '2015-10-18 09:47:30', 1, '2015-10-18 09:47:30', 1),
(543, '34', '34.01', 'Kab. Majene', '2015-10-18 09:47:30', 1, '2015-10-18 09:47:30', 1),
(544, '34', '34.02', 'Kab. Mamuju', '2015-10-18 09:47:30', 1, '2015-10-18 09:47:30', 1),
(545, '34', '34.03', 'Kab. Mamuju Utara', '2015-10-18 09:47:30', 1, '2015-10-18 09:47:30', 1),
(546, '34', '34.04', 'Kab. Polewali Mandar', '2015-10-18 09:47:30', 1, '2015-10-18 09:47:30', 1),
(547, '34', '34.05', 'Kab. Mamasa', '2015-10-18 09:47:30', 1, '2015-10-18 09:47:30', 1),
(548, '34', '34.06', 'Kab. Mamuju Tengah', '2015-10-18 09:47:31', 1, '2015-10-18 09:47:31', 1),
(549, '34', '34.51', 'Kota Mamuju', '2015-10-18 09:47:31', 1, '2015-10-18 09:47:31', 1),
(550, '35', '35.01', 'Kab. Bulungan', '2015-10-18 09:47:31', 1, '2015-10-18 09:47:31', 1);
INSERT INTO `city` (`id`, `province_code`, `code`, `name`, `created_at`, `created_by`, `updated_at`, `updated_by`) VALUES
(551, '35', '35.02', 'Kab. Nunukan', '2015-10-18 09:47:31', 1, '2015-10-18 09:47:31', 1),
(552, '35', '35.03', 'Kab. Malinau', '2015-10-18 09:47:31', 1, '2015-10-18 09:47:31', 1),
(553, '35', '35.04', 'Kab. Tana Tidung', '2015-10-18 09:47:31', 1, '2015-10-18 09:47:31', 1),
(554, '35', '35.51', 'Kota Tarakan', '2015-10-18 09:47:31', 1, '2015-10-18 09:47:31', 1);

-- --------------------------------------------------------

--
-- Table structure for table `component`
--

CREATE TABLE IF NOT EXISTS `component` (
  `id` int(11) NOT NULL AUTO_INCREMENT,
  `code` varchar(256) NOT NULL,
  `satker_code` varchar(256) DEFAULT NULL,
  `activity_code` varchar(256) DEFAULT NULL,
  `output_code` varchar(256) DEFAULT NULL,
  `suboutput_code` varchar(256) NOT NULL,
  `name` varchar(256) NOT NULL,
  `created_at` datetime DEFAULT NULL,
  `created_by` int(11) DEFAULT NULL,
  `updated_at` datetime DEFAULT NULL,
  `updated_by` int(11) DEFAULT NULL,
  PRIMARY KEY (`id`),
  UNIQUE KEY `id` (`id`),
  KEY `FK_output_create` (`created_by`),
  KEY `FK_output` (`updated_by`),
  KEY `FK_output_activity` (`suboutput_code`)
) ENGINE=InnoDB  DEFAULT CHARSET=latin1 AUTO_INCREMENT=25 ;

--
-- Dumping data for table `component`
--

INSERT INTO `component` (`id`, `code`, `satker_code`, `activity_code`, `output_code`, `suboutput_code`, `name`, `created_at`, `created_by`, `updated_at`, `updated_by`) VALUES
(1, '622280.2439.001.001.001', '622280', '622280.2439', '622280.2439.001', '622280.2439.001.001', 'Komponen 1', '2015-10-18 09:46:11', 1, '2015-10-18 09:46:11', 1),
(2, '622280.2439.001.001.002', '622280', '622280.2439', '622280.2439.001', '622280.2439.001.001', 'Komponen 2', '2015-10-18 09:46:11', 1, '2015-10-18 09:46:11', 1),
(3, '622280.2439.001.002.001', '622280', '622280.2439', '622280.2439.001', '622280.2439.001.002', 'Komponen 3', '2015-10-18 09:46:11', 1, '2015-10-18 09:46:11', 1),
(4, '622280.2439.001.002.002', '622280', '622280.2439', '622280.2439.001', '622280.2439.001.002', 'Komponen 4', '2015-10-18 09:46:11', 1, '2015-10-18 09:46:11', 1),
(5, '622280.2439.002.001.001', '622280', '622280.2439', '622280.2439.002', '622280.2439.002.001', 'Komponen 5', '2015-10-18 09:46:11', 1, '2015-10-18 09:46:11', 1),
(6, '622280.2439.002.001.002', '622280', '622280.2439', '622280.2439.002', '622280.2439.002.001', 'Komponen 6', '2015-10-18 09:46:11', 1, '2015-10-18 09:46:11', 1),
(7, '622280.2439.002.002.001', '622280', '622280.2439', '622280.2439.002', '622280.2439.002.002', 'Komponen 7', '2015-10-18 09:46:11', 1, '2015-10-18 09:46:11', 1),
(8, '622280.2439.002.002.002', '622280', '622280.2439', '622280.2439.002', '622280.2439.002.002', 'Komponen 8', '2015-10-18 09:46:11', 1, '2015-10-18 09:46:11', 1),
(9, '622280.2439.003.001.001', '622280', '622280.2439', '622280.2439.003', '622280.2439.003.001', 'Komponen 9', '2015-10-18 09:46:11', 1, '2015-10-18 09:46:11', 1),
(10, '622280.2439.003.001.002', '622280', '622280.2439', '622280.2439.003', '622280.2439.003.001', 'Komponen 10', '2015-10-18 09:46:11', 1, '2015-10-18 09:46:11', 1),
(11, '622280.2439.003.002.001', '622280', '622280.2439', '622280.2439.003', '622280.2439.003.002', 'Komponen 11', '2015-10-18 09:46:11', 1, '2015-10-18 09:46:11', 1),
(12, '622280.2439.003.002.002', '622280', '622280.2439', '622280.2439.003', '622280.2439.003.002', 'Komponen 12', '2015-10-18 09:46:11', 1, '2015-10-18 09:46:11', 1),
(13, '622280.2439.004.001.001', '622280', '622280.2439', '622280.2439.004', '622280.2439.004.001', 'Komponen 13', '2015-10-18 09:46:12', 1, '2015-10-18 09:46:12', 1),
(14, '622280.2439.004.001.002', '622280', '622280.2439', '622280.2439.004', '622280.2439.004.001', 'Komponen 14', '2015-10-18 09:46:12', 1, '2015-10-18 09:46:12', 1),
(15, '622280.2439.004.002.001', '622280', '622280.2439', '622280.2439.004', '622280.2439.004.002', 'Komponen 15', '2015-10-18 09:46:12', 1, '2015-10-18 09:46:12', 1),
(16, '622280.2439.004.002.002', '622280', '622280.2439', '622280.2439.004', '622280.2439.004.002', 'Komponen 16', '2015-10-18 09:46:12', 1, '2015-10-18 09:46:12', 1),
(17, '622280.2439.005.001.001', '622280', '622280.2439', '622280.2439.005', '622280.2439.005.001', 'Komponen 17', '2015-10-18 09:46:12', 1, '2015-10-18 09:46:12', 1),
(18, '622280.2439.005.001.002', '622280', '622280.2439', '622280.2439.005', '622280.2439.005.001', 'Komponen 18', '2015-10-18 09:46:12', 1, '2015-10-18 09:46:12', 1),
(19, '622280.2439.005.002.001', '622280', '622280.2439', '622280.2439.005', '622280.2439.005.002', 'Komponen 19', '2015-10-18 09:46:12', 1, '2015-10-18 09:46:12', 1),
(20, '622280.2439.005.002.002', '622280', '622280.2439', '622280.2439.005', '622280.2439.005.002', 'Komponen 20', '2015-10-18 09:46:12', 1, '2015-10-18 09:46:12', 1),
(21, '622280.2439.006.001.001', '622280', '622280.2439', '622280.2439.006', '622280.2439.006.001', 'Komponen 21', '2015-10-18 09:46:12', 1, '2015-10-18 09:46:12', 1),
(22, '622280.2439.006.001.002', '622280', '622280.2439', '622280.2439.006', '622280.2439.006.001', 'Komponen 22', '2015-10-18 09:46:12', 1, '2015-10-18 09:46:12', 1),
(23, '622280.2439.006.002.001', '622280', '622280.2439', '622280.2439.006', '622280.2439.006.002', 'Komponen 23', '2015-10-18 09:46:12', 1, '2015-10-18 09:46:12', 1),
(24, '622280.2439.006.002.002', '622280', '622280.2439', '622280.2439.006', '622280.2439.006.002', 'Komponen 24', '2015-10-18 09:46:12', 1, '2015-10-18 09:46:12', 1);

-- --------------------------------------------------------

--
-- Table structure for table `component_error`
--

CREATE TABLE IF NOT EXISTS `component_error` (
  `id` int(11) NOT NULL AUTO_INCREMENT,
  `code` varchar(256) NOT NULL,
  `satker_code` varchar(256) DEFAULT NULL,
  `activity_code` varchar(256) DEFAULT NULL,
  `output_code` varchar(256) DEFAULT NULL,
  `suboutput_code` varchar(256) NOT NULL,
  `name` varchar(256) NOT NULL,
  `created_at` datetime DEFAULT NULL,
  `created_by` int(11) DEFAULT NULL,
  `updated_at` datetime DEFAULT NULL,
  `updated_by` int(11) DEFAULT NULL,
  PRIMARY KEY (`id`),
  UNIQUE KEY `id` (`id`),
  KEY `FK_output_create` (`created_by`),
  KEY `FK_output` (`updated_by`),
  KEY `FK_output_activity` (`suboutput_code`)
) ENGINE=InnoDB DEFAULT CHARSET=latin1 AUTO_INCREMENT=1 ;

-- --------------------------------------------------------

--
-- Table structure for table `dipa`
--

CREATE TABLE IF NOT EXISTS `dipa` (
  `id` int(11) NOT NULL AUTO_INCREMENT,
  `budget_year` year(4) NOT NULL COMMENT 'Tahun Anggaran',
  `dipa_number` varchar(256) NOT NULL,
  `dipa_date` date DEFAULT NULL,
  `type` enum('DIPA','POK') DEFAULT NULL,
  `created_at` datetime DEFAULT NULL,
  `created_by` int(11) DEFAULT NULL,
  `updated_at` datetime DEFAULT NULL,
  `updated_by` int(11) DEFAULT NULL,
  PRIMARY KEY (`id`),
  KEY `FK_anggaran_create` (`created_by`),
  KEY `FK_anggaran_update` (`updated_by`)
) ENGINE=InnoDB  DEFAULT CHARSET=latin1 AUTO_INCREMENT=2 ;

--
-- Dumping data for table `dipa`
--

INSERT INTO `dipa` (`id`, `budget_year`, `dipa_number`, `dipa_date`, `type`, `created_at`, `created_by`, `updated_at`, `updated_by`) VALUES
(1, 2014, 'dipa1', '2015-10-18', 'DIPA', '2015-10-18 09:49:06', 1, '2015-10-18 09:49:06', 1);

-- --------------------------------------------------------

--
-- Table structure for table `error_dipa`
--

CREATE TABLE IF NOT EXISTS `error_dipa` (
  `id` int(11) NOT NULL AUTO_INCREMENT,
  `code` varchar(256) NOT NULL COMMENT 'Kode Grup Error',
  `budget_year` year(4) DEFAULT NULL COMMENT 'Tahun Anggaran',
  `satker_code` varchar(256) DEFAULT NULL COMMENT 'Kode Satker',
  `activity_code` varchar(256) DEFAULT NULL COMMENT 'Kode Kegiatan',
  `output_code` varchar(256) DEFAULT NULL COMMENT 'Kode Output',
  `suboutput_code` varchar(256) DEFAULT NULL COMMENT 'Kode Suboutput',
  `component_code` varchar(256) DEFAULT NULL COMMENT 'Kode Komponen',
  `subcomponent_code` varchar(256) DEFAULT NULL COMMENT 'Kode Subkomponen',
  `account_code` varchar(256) DEFAULT NULL COMMENT 'Kode Akun',
  `total_budget_limit` double DEFAULT NULL COMMENT 'Total Anggaran',
  `description` text COMMENT 'Keterangan Error',
  PRIMARY KEY (`id`),
  UNIQUE KEY `id` (`id`)
) ENGINE=InnoDB DEFAULT CHARSET=latin1 AUTO_INCREMENT=1 ;

-- --------------------------------------------------------

--
-- Table structure for table `error_dipa_completeness`
--

CREATE TABLE IF NOT EXISTS `error_dipa_completeness` (
  `id` int(11) NOT NULL AUTO_INCREMENT COMMENT 'ID',
  `code` varchar(256) NOT NULL COMMENT 'Kode Subkomponen',
  `description` text NOT NULL COMMENT 'Keterangan',
  PRIMARY KEY (`id`)
) ENGINE=InnoDB DEFAULT CHARSET=latin1 AUTO_INCREMENT=1 ;

-- --------------------------------------------------------

--
-- Table structure for table `error_realization`
--

CREATE TABLE IF NOT EXISTS `error_realization` (
  `id` int(11) NOT NULL AUTO_INCREMENT,
  `packageAccount_code` varchar(256) DEFAULT NULL,
  `package_code` varchar(256) DEFAULT NULL,
  `up_ls` enum('UP','LS') DEFAULT NULL COMMENT 'UP/LS',
  `spm_number` varchar(256) DEFAULT NULL,
  `spm_date` date DEFAULT NULL,
  `total_spm` double DEFAULT NULL,
  `ppn` double DEFAULT NULL,
  `pph` double DEFAULT NULL,
  `receiver` enum('Bendahara','Penyedia Jasa') DEFAULT NULL,
  `nrk` varchar(256) DEFAULT NULL COMMENT 'Nomor Register Kontrak',
  `nrs` varchar(256) DEFAULT NULL COMMENT 'Nomor Register Suplier',
  `description` text NOT NULL COMMENT 'Keterangan',
  PRIMARY KEY (`id`)
) ENGINE=InnoDB  DEFAULT CHARSET=latin1 AUTO_INCREMENT=3 ;

--
-- Dumping data for table `error_realization`
--

INSERT INTO `error_realization` (`id`, `packageAccount_code`, `package_code`, `up_ls`, `spm_number`, `spm_date`, `total_spm`, `ppn`, `pph`, `receiver`, `nrk`, `nrs`, `description`) VALUES
(2, '622280.2439.001.001.001.A.521211', '622280.2439.001.001.001.A', NULL, NULL, NULL, 2000000, NULL, NULL, NULL, NULL, NULL, 'Terjadi pagu minus.');

-- --------------------------------------------------------

--
-- Table structure for table `financial_data`
--

CREATE TABLE IF NOT EXISTS `financial_data` (
  `id` int(11) NOT NULL AUTO_INCREMENT,
  `spm_type_code` varchar(256) NOT NULL,
  `payment_type_code` varchar(256) NOT NULL,
  `payment_method_code` varchar(256) DEFAULT NULL,
  `created_at` datetime DEFAULT NULL,
  `created_by` int(11) DEFAULT NULL,
  `updated_at` datetime DEFAULT NULL,
  `updated_by` int(11) DEFAULT NULL,
  PRIMARY KEY (`id`)
) ENGINE=InnoDB DEFAULT CHARSET=latin1 AUTO_INCREMENT=1 ;

-- --------------------------------------------------------

--
-- Table structure for table `group`
--

CREATE TABLE IF NOT EXISTS `group` (
  `id` int(11) NOT NULL AUTO_INCREMENT,
  `name` varchar(128) NOT NULL,
  PRIMARY KEY (`id`)
) ENGINE=InnoDB  DEFAULT CHARSET=latin1 AUTO_INCREMENT=5 ;

--
-- Dumping data for table `group`
--

INSERT INTO `group` (`id`, `name`) VALUES
(1, 'super-admin'),
(2, 'administrator'),
(3, 'eksekutif'),
(4, 'operator');

-- --------------------------------------------------------

--
-- Table structure for table `group_auth`
--

CREATE TABLE IF NOT EXISTS `group_auth` (
  `id` int(11) NOT NULL AUTO_INCREMENT,
  `className` varchar(256) NOT NULL,
  `action` varchar(256) NOT NULL,
  `group_id` int(11) DEFAULT NULL,
  PRIMARY KEY (`id`),
  UNIQUE KEY `id` (`id`),
  KEY `FK_group_auth_group` (`group_id`)
) ENGINE=InnoDB  DEFAULT CHARSET=latin1 AUTO_INCREMENT=65 ;

--
-- Dumping data for table `group_auth`
--

INSERT INTO `group_auth` (`id`, `className`, `action`, `group_id`) VALUES
(1, 'activity', 'index,create,view,update,delete,admin,editable,import', 1),
(2, 'package', 'index,create,view,update,delete,admin,editable', 1),
(3, 'post', 'index,create,view,update,delete,admin,editable', 1),
(4, 'comment', 'index,create,view,update,delete,admin,editable', 1),
(5, 'payment-method', 'index,create,view,update,delete,admin,editable', 1),
(6, 'satker', 'index,create,view,update,delete,admin,editable,import', 1),
(7, 'account', 'index,create,view,update,delete,admin,editable,import', 1),
(8, 'output', 'index,create,view,update,delete,admin,editable,import', 1),
(9, 'payment-type', 'index,create,view,update,delete,admin,editable', 1),
(10, 'ppk', 'index,create,view,update,delete', 1),
(11, 'spm-type', 'index,create,view,update,delete,admin,editable', 1),
(12, 'suboutput', 'index,create,view,update,delete,admin,editable,import', 1),
(13, 'component', 'index,create,view,update,delete,admin,editable,import', 1),
(14, 'subcomponent', 'index,create,view,update,delete,admin,editable,import', 1),
(15, 'dipa', 'index,create,view,update,delete,admin,editable,import', 1),
(16, 'budget', 'index,create,view,update,delete,admin,editable,import', 1),
(17, 'budget-year', 'index,create,view,update,delete,admin,editable,import', 1),
(18, 'up', 'index,create,view,update,delete,admin,editable', 1),
(19, 'realization', 'index,create,view,update,delete,admin,editable', 1),
(20, 'nrs', 'index,create,view,update,delete,admin,editable', 1),
(21, 'nrk', 'index,create,view,update,delete,admin,editable', 1),
(22, 'province', 'index,create,view,update,delete,admin,editable,import', 1),
(23, 'city', 'index,create,view,update,delete,admin,editable,import', 1),
(24, 'nrk-detail', 'index,create,view,update,delete,admin', 1),
(25, 'up-detail', 'index,create,view,update,delete,admin', 1),
(26, 'up', 'index,create,view,update,delete,admin', 2),
(27, 'nrs', 'index,create,view,update,delete,admin', 2),
(28, 'nrk', 'index,create,view,update,delete,admin', 2),
(29, 'package', 'index,create,view,update,delete,admin', 2),
(30, 'realization', 'index,create,view,update,delete,admin', 2),
(31, 'dashboard', 'mainChart,logout,satkerChart,activityChart,outputChart,suboutputChart,componentChart,subcomponentChart,ppkChart,ppkActivityChart,accountChart', 1),
(32, 'dashboard', 'mainChart,logout,satkerChart,activityChart,outputChart,suboutputChart,logout,satkerChart,activityChart,outputChart,suboutputChart,componentChart,subcomponentChart,ppkChart,ppkActivityChart,accountChart', 2),
(33, 'dashboard', 'mainChart,logout,satkerChart,activityChart,outputChart,suboutputChart,logout,satkerChart,activityChart,outputChart,suboutputChart,componentChart,subcomponentChart,ppkChart,ppkActivityChart,accountChart', 3),
(34, 'user', 'profile,update,updatePassword,updateAuth,admin,create,delete', 1),
(35, 'user', 'profile,update,updatePassword, updateAuth,delete,admin,create', 2),
(36, 'user', 'profile,update,updatePassword', 3),
(37, 'user', 'profile,update,updatePassword,updateAuth,admin,create,delete', 4),
(38, 'activity', 'index,create,view,update,delete,admin,editable,import', 4),
(39, 'package', 'index,create,view,update,delete,admin,editable,import', 4),
(40, 'payment-method', 'index,create,view,update,delete,admin,editable,import', 4),
(41, 'payment-type', 'index,create,view,update,delete,admin,editable,import', 4),
(42, 'satker', 'index,create,view,update,delete,admin,editable,import', 4),
(43, 'account', 'index,create,view,update,delete,admin,editable,import', 4),
(44, 'output', 'index,create,view,update,delete,admin,editable,import', 4),
(45, 'suboutput', 'index,create,view,update,delete,admin,editable,import', 4),
(46, 'nrs', 'index,create,view,update,delete,admin,editable,import', 4),
(47, 'nrk', 'index,create,view,update,delete,admin,editable,import', 4),
(48, 'component', 'index,create,view,update,delete,admin,editable,import', 4),
(49, 'subcomponent', 'index,create,view,update,delete,admin,editable,import', 4),
(50, 'ppk', 'index,create,view,update,delete,admin,editable,import', 4),
(51, 'spm-type', 'index,create,view,update,delete,admin,editable,import', 4),
(52, 'dipa', 'index,create,view,update,delete,admin,editable,import', 4),
(53, 'budget', 'index,create,view,update,delete,admin,editable,import', 4),
(54, 'up', 'index,create,view,update,delete,admin,editable,import', 4),
(55, 'realization', 'index,create,view,update,delete,admin,editable,import', 4),
(56, 'nrk-detail', 'index,create,view,update,delete,admin,editable,import', 4),
(57, 'up-detail', 'index,create,view,update,delete,admin,editable,import', 4),
(58, 'province', 'index,create,view,update,delete,admin,editable,import', 4),
(59, 'city', 'index,create,view,update,delete,admin,editable,import', 4),
(60, 'dashboard', 'mainChart,logout,satkerChart,activityChart,outputChart,suboutputChart,logout,satkerChart,activityChart,outputChart,suboutputChart,componentChart,subcomponentChart,ppkChart,ppkActivityChart,accountChart', 4),
(61, 'package-account', 'index,create,view,update,delete,admin', 4),
(62, 'package-account', 'index,create,view,update,delete,admin', 3),
(63, 'package-account', 'index,create,view,update,delete,admin', 2),
(64, 'package-account', 'index,create,view,update,delete,admin', 1);

-- --------------------------------------------------------

--
-- Table structure for table `migration`
--

CREATE TABLE IF NOT EXISTS `migration` (
  `version` varchar(180) NOT NULL,
  `apply_time` int(11) DEFAULT NULL,
  PRIMARY KEY (`version`)
) ENGINE=InnoDB DEFAULT CHARSET=latin1;

-- --------------------------------------------------------

--
-- Table structure for table `nrk`
--

CREATE TABLE IF NOT EXISTS `nrk` (
  `id` int(11) NOT NULL AUTO_INCREMENT,
  `nrk` varchar(256) NOT NULL,
  `contract_number` varchar(256) NOT NULL,
  `contract_date` date DEFAULT NULL,
  `limit` double DEFAULT NULL,
  `created_at` datetime DEFAULT NULL,
  `created_by` int(11) DEFAULT NULL,
  `updated_at` datetime DEFAULT NULL,
  `updated_by` int(11) DEFAULT NULL,
  PRIMARY KEY (`id`),
  KEY `FK_nrk_created` (`created_by`),
  KEY `FK_nrk_update` (`updated_by`)
) ENGINE=InnoDB DEFAULT CHARSET=latin1 AUTO_INCREMENT=1 ;

-- --------------------------------------------------------

--
-- Table structure for table `nrk_detail`
--

CREATE TABLE IF NOT EXISTS `nrk_detail` (
  `id` int(11) NOT NULL AUTO_INCREMENT,
  `nrk_register` varchar(256) DEFAULT NULL,
  `nrk_contract_number` varchar(256) DEFAULT NULL,
  `termin` enum('1','2','3','4','5','6','7','8','9','10','11','12') DEFAULT NULL,
  `limit_per_termin` double DEFAULT NULL,
  `created_at` datetime DEFAULT NULL,
  `created_by` int(11) DEFAULT NULL,
  `updated_at` datetime DEFAULT NULL,
  `updated_by` int(11) DEFAULT NULL,
  PRIMARY KEY (`id`),
  UNIQUE KEY `id` (`id`),
  KEY `FK_nrk_detail_created` (`created_by`),
  KEY `FK_nrk_detail_updated` (`updated_by`)
) ENGINE=InnoDB DEFAULT CHARSET=latin1 AUTO_INCREMENT=1 ;

-- --------------------------------------------------------

--
-- Table structure for table `nrs`
--

CREATE TABLE IF NOT EXISTS `nrs` (
  `id` int(11) NOT NULL AUTO_INCREMENT,
  `nrs` varchar(256) NOT NULL,
  `supplier_name` varchar(256) NOT NULL,
  `npwp` varchar(256) DEFAULT NULL,
  `bank_name` varchar(256) DEFAULT NULL,
  `bank_account_number` varchar(256) DEFAULT NULL,
  `created_at` datetime DEFAULT NULL,
  `created_by` int(11) DEFAULT NULL,
  `updated_at` datetime DEFAULT NULL,
  `updated_by` int(11) DEFAULT NULL,
  PRIMARY KEY (`id`)
) ENGINE=InnoDB DEFAULT CHARSET=latin1 AUTO_INCREMENT=1 ;

-- --------------------------------------------------------

--
-- Table structure for table `output`
--

CREATE TABLE IF NOT EXISTS `output` (
  `id` int(11) NOT NULL AUTO_INCREMENT,
  `code` varchar(256) NOT NULL,
  `satker_code` varchar(256) DEFAULT NULL,
  `activity_code` varchar(256) NOT NULL,
  `name` varchar(256) NOT NULL,
  `created_at` datetime DEFAULT NULL,
  `created_by` int(11) DEFAULT NULL,
  `updated_at` datetime DEFAULT NULL,
  `updated_by` int(11) DEFAULT NULL,
  PRIMARY KEY (`id`),
  UNIQUE KEY `id` (`id`),
  KEY `FK_output_create` (`created_by`),
  KEY `FK_output` (`updated_by`),
  KEY `FK_output_activity` (`activity_code`)
) ENGINE=InnoDB  DEFAULT CHARSET=latin1 CHECKSUM=1 DELAY_KEY_WRITE=1 ROW_FORMAT=DYNAMIC AUTO_INCREMENT=7 ;

--
-- Dumping data for table `output`
--

INSERT INTO `output` (`id`, `code`, `satker_code`, `activity_code`, `name`, `created_at`, `created_by`, `updated_at`, `updated_by`) VALUES
(1, '622280.2439.001', '622280', '622280.2439', 'Output 1', '2015-10-18 09:45:10', 1, '2015-10-18 09:45:10', 1),
(2, '622280.2439.002', '622280', '622280.2439', 'Output 2', '2015-10-18 09:45:10', 1, '2015-10-18 09:45:10', 1),
(3, '622280.2439.003', '622280', '622280.2439', 'Output 3', '2015-10-18 09:45:10', 1, '2015-10-18 09:45:10', 1),
(4, '622280.2439.004', '622280', '622280.2439', 'Output 4', '2015-10-18 09:45:10', 1, '2015-10-18 09:45:10', 1),
(5, '622280.2439.005', '622280', '622280.2439', 'Output 5', '2015-10-18 09:45:11', 1, '2015-10-18 09:45:11', 1),
(6, '622280.2439.006', '622280', '622280.2439', 'Output 6', '2015-10-18 09:45:11', 1, '2015-10-18 09:45:11', 1);

-- --------------------------------------------------------

--
-- Table structure for table `package`
--

CREATE TABLE IF NOT EXISTS `package` (
  `id` int(11) NOT NULL AUTO_INCREMENT,
  `code` varchar(256) DEFAULT NULL,
  `satker_code` varchar(256) DEFAULT NULL,
  `activity_code` varchar(256) DEFAULT NULL,
  `output_code` varchar(256) DEFAULT NULL,
  `suboutput_code` varchar(256) DEFAULT NULL,
  `component_code` varchar(256) DEFAULT NULL,
  `name` varchar(256) DEFAULT NULL,
  `province_code` varchar(256) DEFAULT NULL,
  `city_code` varchar(256) DEFAULT NULL,
  `ppk_code` varchar(256) DEFAULT NULL,
  `limit` double DEFAULT NULL,
  `created_at` datetime DEFAULT NULL,
  `created_by` int(11) DEFAULT NULL,
  `updated_at` datetime DEFAULT NULL,
  `updated_by` int(11) DEFAULT NULL,
  PRIMARY KEY (`id`),
  KEY `FK_package_create` (`created_by`),
  KEY `FK_package_update` (`updated_by`)
) ENGINE=InnoDB  DEFAULT CHARSET=latin1 AUTO_INCREMENT=3 ;

--
-- Dumping data for table `package`
--

INSERT INTO `package` (`id`, `code`, `satker_code`, `activity_code`, `output_code`, `suboutput_code`, `component_code`, `name`, `province_code`, `city_code`, `ppk_code`, `limit`, `created_at`, `created_by`, `updated_at`, `updated_by`) VALUES
(1, '622280.2439.001.001.001.A', '622280', '622280.2439', '622280.2439.001', '622280.2439.001.001', '622280.2439.001.001.001', 'Subkomponen 1', '01', '01.51', '01', NULL, '2015-10-18 09:53:03', 1, '2015-10-18 09:53:03', 1),
(2, '622280.2439.001.001.001.B', '622280', '622280.2439', '622280.2439.001', '622280.2439.001.001', '622280.2439.001.001.001', 'Subkomponen 2', '02', '02.09', '02', NULL, '2015-10-18 09:53:04', 1, '2015-10-18 09:53:04', 1);

-- --------------------------------------------------------

--
-- Table structure for table `package_account`
--

CREATE TABLE IF NOT EXISTS `package_account` (
  `id` int(11) NOT NULL AUTO_INCREMENT,
  `code` varchar(256) DEFAULT NULL,
  `satker_code` varchar(256) DEFAULT NULL,
  `activity_code` varchar(256) DEFAULT NULL,
  `output_code` varchar(256) DEFAULT NULL,
  `suboutput_code` varchar(256) DEFAULT NULL,
  `component_code` varchar(256) DEFAULT NULL,
  `package_code` varchar(256) DEFAULT NULL,
  `account_code` varchar(256) DEFAULT NULL,
  `province_code` varchar(256) DEFAULT NULL,
  `city_code` varchar(256) DEFAULT NULL,
  `ppk_code` varchar(256) DEFAULT NULL,
  `limit` double DEFAULT NULL,
  `created_at` datetime DEFAULT NULL,
  `created_by` int(11) DEFAULT NULL,
  `updated_at` datetime DEFAULT NULL,
  `updated_by` int(11) DEFAULT NULL,
  PRIMARY KEY (`id`),
  KEY `FK_package_create` (`created_by`),
  KEY `FK_package_update` (`updated_by`)
) ENGINE=InnoDB  DEFAULT CHARSET=latin1 AUTO_INCREMENT=11 ;

--
-- Dumping data for table `package_account`
--

INSERT INTO `package_account` (`id`, `code`, `satker_code`, `activity_code`, `output_code`, `suboutput_code`, `component_code`, `package_code`, `account_code`, `province_code`, `city_code`, `ppk_code`, `limit`, `created_at`, `created_by`, `updated_at`, `updated_by`) VALUES
(1, '622280.2439.001.001.001.A.521211', '622280', '622280.2439', '622280.2439.001', '622280.2439.001.001', '622280.2439.001.001.001', '622280.2439.001.001.001.A', '521211', '01', '01.51', '01', 10000000, '2015-10-18 09:53:03', 1, '2015-10-18 09:53:03', 1),
(2, '622280.2439.001.001.001.A.521213', '622280', '622280.2439', '622280.2439.001', '622280.2439.001.001', '622280.2439.001.001.001', '622280.2439.001.001.001.A', '521213', '01', '01.51', '01', 7101000, '2015-10-18 09:53:03', 1, '2015-10-18 09:53:03', 1),
(3, '622280.2439.001.001.001.A.522131', '622280', '622280.2439', '622280.2439.001', '622280.2439.001.001', '622280.2439.001.001.001', '622280.2439.001.001.001.A', '522131', '01', '01.51', '01', 2500000, '2015-10-18 09:53:03', 1, '2015-10-18 09:53:03', 1),
(4, '622280.2439.001.001.001.A.522141', '622280', '622280.2439', '622280.2439.001', '622280.2439.001.001', '622280.2439.001.001.001', '622280.2439.001.001.001.A', '522141', '01', '01.51', '01', 3000000, '2015-10-18 09:53:03', 1, '2015-10-18 09:53:03', 1),
(5, '622280.2439.001.001.001.A.522151', '622280', '622280.2439', '622280.2439.001', '622280.2439.001.001', '622280.2439.001.001.001', '622280.2439.001.001.001.A', '522151', '01', '01.51', '01', 7500000, '2015-10-18 09:53:03', 1, '2015-10-18 09:53:03', 1),
(6, '622280.2439.001.001.001.B.521211', '622280', '622280.2439', '622280.2439.001', '622280.2439.001.001', '622280.2439.001.001.001', '622280.2439.001.001.001.B', '521211', '02', '02.09', '02', 30000000, '2015-10-18 09:53:03', 1, '2015-10-18 09:53:03', 1),
(7, '622280.2439.001.001.001.B.521213', '622280', '622280.2439', '622280.2439.001', '622280.2439.001.001', '622280.2439.001.001.001', '622280.2439.001.001.001.B', '521213', '02', '02.09', '02', 3000000, '2015-10-18 09:53:03', 1, '2015-10-18 09:53:03', 1),
(8, '622280.2439.001.001.001.B.522131', '622280', '622280.2439', '622280.2439.001', '622280.2439.001.001', '622280.2439.001.001.001', '622280.2439.001.001.001.B', '522131', '02', '02.09', '02', 7500000, '2015-10-18 09:53:03', 1, '2015-10-18 09:53:03', 1),
(9, '622280.2439.001.001.001.B.522141', '622280', '622280.2439', '622280.2439.001', '622280.2439.001.001', '622280.2439.001.001.001', '622280.2439.001.001.001.B', '522141', '02', '02.09', '02', 10800000, '2015-10-18 09:53:03', 1, '2015-10-18 09:53:03', 1),
(10, '622280.2439.001.001.001.B.522151', '622280', '622280.2439', '622280.2439.001', '622280.2439.001.001', '622280.2439.001.001.001', '622280.2439.001.001.001.B', '522151', '02', '02.09', '02', 592200000, '2015-10-18 09:53:04', 1, '2015-10-18 09:53:04', 1);

-- --------------------------------------------------------

--
-- Table structure for table `payment_method`
--

CREATE TABLE IF NOT EXISTS `payment_method` (
  `id` int(11) NOT NULL AUTO_INCREMENT,
  `code` varchar(256) NOT NULL,
  `name` varchar(256) NOT NULL,
  `created_at` datetime DEFAULT NULL,
  `created_by` int(11) DEFAULT NULL,
  `updated_at` datetime DEFAULT NULL,
  `updated_by` int(11) DEFAULT NULL,
  PRIMARY KEY (`id`),
  KEY `FK_payment_method` (`created_by`),
  KEY `FK_payment_method_update` (`updated_by`)
) ENGINE=InnoDB  DEFAULT CHARSET=latin1 AUTO_INCREMENT=6 ;

--
-- Dumping data for table `payment_method`
--

INSERT INTO `payment_method` (`id`, `code`, `name`, `created_at`, `created_by`, `updated_at`, `updated_by`) VALUES
(1, '1', 'Cek Bank', '2015-08-25 14:07:57', 1, '2015-08-25 14:07:57', 1),
(2, '2', 'Giro Bank', '2015-08-25 14:08:04', 1, '2015-08-25 14:08:04', 1),
(3, '3', 'Cek Pos', '2015-08-25 14:08:12', 1, '2015-08-25 14:08:12', 1),
(4, '4', 'Giro Pos', '2015-08-25 14:08:18', 1, '2015-08-25 14:08:18', 1),
(5, '5', 'Nihil', '2015-08-25 14:08:26', 1, '2015-08-25 14:08:26', 1);

-- --------------------------------------------------------

--
-- Table structure for table `payment_type`
--

CREATE TABLE IF NOT EXISTS `payment_type` (
  `id` int(11) NOT NULL AUTO_INCREMENT,
  `code` varchar(256) NOT NULL,
  `name` varchar(256) NOT NULL,
  `created_at` datetime DEFAULT NULL,
  `created_by` int(11) DEFAULT NULL,
  `updated_at` datetime DEFAULT NULL,
  `updated_by` int(11) DEFAULT NULL,
  PRIMARY KEY (`id`),
  UNIQUE KEY `id` (`id`),
  KEY `FK_payment_type_created` (`created_by`),
  KEY `FK_payment_type_updated` (`updated_by`)
) ENGINE=InnoDB DEFAULT CHARSET=latin1 AUTO_INCREMENT=1 ;

-- --------------------------------------------------------

--
-- Table structure for table `ppk`
--

CREATE TABLE IF NOT EXISTS `ppk` (
  `id` int(11) NOT NULL AUTO_INCREMENT,
  `code` varchar(256) NOT NULL,
  `ppk_name` varchar(256) NOT NULL,
  `official_name` varchar(256) NOT NULL,
  `official_nip` varchar(18) NOT NULL COMMENT 'NIP PPK',
  `created_at` datetime DEFAULT NULL,
  `created_by` int(11) DEFAULT NULL,
  `updated_at` datetime DEFAULT NULL,
  `updated_by` int(11) DEFAULT NULL,
  PRIMARY KEY (`id`),
  UNIQUE KEY `id` (`id`),
  KEY `FK_ppk_created` (`created_by`),
  KEY `FK_ppk_update` (`updated_by`)
) ENGINE=InnoDB  DEFAULT CHARSET=latin1 AUTO_INCREMENT=7 ;

--
-- Dumping data for table `ppk`
--

INSERT INTO `ppk` (`id`, `code`, `ppk_name`, `official_name`, `official_nip`, `created_at`, `created_by`, `updated_at`, `updated_by`) VALUES
(1, '01', 'PPK Rencana dan Evaluasi', 'Drs. Gunawan, M.Si', '19580403 198503 1 ', '2015-10-18 09:44:55', 1, '2015-10-18 09:44:55', 1),
(2, '02', 'PPK Standar dan Materi Kompetensi', 'Ir. Ati Nurzamiati Hazar Zubir, MT', '19620102 199303 2 ', '2015-10-18 09:44:55', 1, '2015-10-18 09:44:55', 1),
(3, '03', 'PPK Pengembangan Produktivitas', 'Ronny Adriandi, ST, MT', '19760717 200502 1 ', '2015-10-18 09:44:55', 1, '2015-10-18 09:44:55', 1),
(4, '04', 'PPK Penerapan Kompetensi', 'Hastu Agoeng Saputro, ST, MT', '19630721 199203 1 ', '2015-10-18 09:44:55', 1, '2015-10-18 09:44:55', 1),
(5, '05', 'PPK Pengembangan Keprosionalan Berkelanjutan', 'Pandu Gunadi Atmosukarto, ST, MUM', '19720128 199703 1 ', '2015-10-18 09:44:56', 1, '2015-10-18 09:44:56', 1),
(6, '06', 'PPK Tata Usaha', 'Dr. Ir. Masrianto, MT', '19590716 198503 1 ', '2015-10-18 09:44:56', 1, '2015-10-18 09:44:56', 1);

-- --------------------------------------------------------

--
-- Table structure for table `province`
--

CREATE TABLE IF NOT EXISTS `province` (
  `id` int(11) NOT NULL AUTO_INCREMENT,
  `code` varchar(256) NOT NULL,
  `name` varchar(256) NOT NULL,
  `created_at` datetime DEFAULT NULL,
  `created_by` int(11) DEFAULT NULL,
  `updated_at` datetime DEFAULT NULL,
  `updated_by` int(11) DEFAULT NULL,
  PRIMARY KEY (`id`),
  KEY `FK_province_create` (`created_by`),
  KEY `FK_province_update` (`updated_by`)
) ENGINE=InnoDB  DEFAULT CHARSET=latin1 AUTO_INCREMENT=35 ;

--
-- Dumping data for table `province`
--

INSERT INTO `province` (`id`, `code`, `name`, `created_at`, `created_by`, `updated_at`, `updated_by`) VALUES
(1, '01', 'DKI JAKARTA', '2015-10-18 09:46:48', 1, '2015-10-18 09:46:48', 1),
(2, '02', 'JAWA BARAT', '2015-10-18 09:46:48', 1, '2015-10-18 09:46:48', 1),
(3, '03', 'JAWA TENGAH', '2015-10-18 09:46:48', 1, '2015-10-18 09:46:48', 1),
(4, '04', 'DI YOGYAKARTA', '2015-10-18 09:46:48', 1, '2015-10-18 09:46:48', 1),
(5, '05', 'JAWA TIMUR', '2015-10-18 09:46:49', 1, '2015-10-18 09:46:49', 1),
(6, '06', 'NANGGROE ACEH DARUSSALAM', '2015-10-18 09:46:49', 1, '2015-10-18 09:46:49', 1),
(7, '07', 'SUMATERA UTARA', '2015-10-18 09:46:49', 1, '2015-10-18 09:46:49', 1),
(8, '08', 'SUMATERA BARAT', '2015-10-18 09:46:49', 1, '2015-10-18 09:46:49', 1),
(9, '09', 'RIAU', '2015-10-18 09:46:49', 1, '2015-10-18 09:46:49', 1),
(10, '10', 'JAMBI', '2015-10-18 09:46:49', 1, '2015-10-18 09:46:49', 1),
(11, '11', 'SUMATERA SELATAN', '2015-10-18 09:46:49', 1, '2015-10-18 09:46:49', 1),
(12, '12', 'LAMPUNG', '2015-10-18 09:46:49', 1, '2015-10-18 09:46:49', 1),
(13, '13', 'KALIMANTAN BARAT', '2015-10-18 09:46:49', 1, '2015-10-18 09:46:49', 1),
(14, '14', 'KALIMANTAN TENGAH', '2015-10-18 09:46:49', 1, '2015-10-18 09:46:49', 1),
(15, '15', 'KALIMANTAN SELATAN', '2015-10-18 09:46:49', 1, '2015-10-18 09:46:49', 1),
(16, '16', 'KALIMANTAN TIMUR', '2015-10-18 09:46:49', 1, '2015-10-18 09:46:49', 1),
(17, '17', 'SULAWESI UTARA', '2015-10-18 09:46:49', 1, '2015-10-18 09:46:49', 1),
(18, '18', 'SULAWESI TENGAH', '2015-10-18 09:46:49', 1, '2015-10-18 09:46:49', 1),
(19, '19', 'SULAWESI SELATAN', '2015-10-18 09:46:49', 1, '2015-10-18 09:46:49', 1),
(20, '20', 'SULAWESI TENGGARA', '2015-10-18 09:46:49', 1, '2015-10-18 09:46:49', 1),
(21, '21', 'MALUKU', '2015-10-18 09:46:49', 1, '2015-10-18 09:46:49', 1),
(22, '22', 'BALI', '2015-10-18 09:46:49', 1, '2015-10-18 09:46:49', 1),
(23, '23', 'NUSA TENGGARA BARAT', '2015-10-18 09:46:49', 1, '2015-10-18 09:46:49', 1),
(24, '24', 'NUSA TENGGARA TIMUR', '2015-10-18 09:46:49', 1, '2015-10-18 09:46:49', 1),
(25, '25', 'PAPUA', '2015-10-18 09:46:49', 1, '2015-10-18 09:46:49', 1),
(26, '26', 'BENGKULU', '2015-10-18 09:46:50', 1, '2015-10-18 09:46:50', 1),
(27, '28', 'MALUKU UTARA', '2015-10-18 09:46:50', 1, '2015-10-18 09:46:50', 1),
(28, '29', 'BANTEN', '2015-10-18 09:46:50', 1, '2015-10-18 09:46:50', 1),
(29, '30', 'KEPULAUAN BANGKA BELITUNG', '2015-10-18 09:46:50', 1, '2015-10-18 09:46:50', 1),
(30, '31', 'GORONTALO', '2015-10-18 09:46:50', 1, '2015-10-18 09:46:50', 1),
(31, '32', 'KEPULAUAN RIAU', '2015-10-18 09:46:50', 1, '2015-10-18 09:46:50', 1),
(32, '33', 'PAPUA BARAT', '2015-10-18 09:46:50', 1, '2015-10-18 09:46:50', 1),
(33, '34', 'SULAWESI BARAT', '2015-10-18 09:46:50', 1, '2015-10-18 09:46:50', 1),
(34, '35', 'KALIMANTAN UTARA', '2015-10-18 09:46:50', 1, '2015-10-18 09:46:50', 1);

-- --------------------------------------------------------

--
-- Table structure for table `realization`
--

CREATE TABLE IF NOT EXISTS `realization` (
  `id` int(11) NOT NULL AUTO_INCREMENT,
  `packageAccount_code` varchar(256) DEFAULT NULL,
  `package_code` varchar(256) DEFAULT NULL,
  `up_ls` enum('UP','LS') DEFAULT NULL COMMENT 'UP/LS',
  `spm_number` varchar(256) DEFAULT NULL,
  `spm_date` date DEFAULT NULL,
  `total_spm` double DEFAULT NULL,
  `ppn` double DEFAULT NULL,
  `pph` double DEFAULT NULL,
  `receiver` enum('Bendahara','Penyedia Jasa') DEFAULT NULL,
  `nrk` varchar(256) DEFAULT NULL COMMENT 'Nomor Register Kontrak',
  `nrs` varchar(256) DEFAULT NULL COMMENT 'Nomor Register Suplier',
  `created_at` datetime DEFAULT NULL,
  `created_by` int(11) DEFAULT NULL,
  `updated_at` datetime DEFAULT NULL,
  `updated_by` int(11) DEFAULT NULL,
  PRIMARY KEY (`id`)
) ENGINE=InnoDB  DEFAULT CHARSET=latin1 AUTO_INCREMENT=2 ;

--
-- Dumping data for table `realization`
--

INSERT INTO `realization` (`id`, `packageAccount_code`, `package_code`, `up_ls`, `spm_number`, `spm_date`, `total_spm`, `ppn`, `pph`, `receiver`, `nrk`, `nrs`, `created_at`, `created_by`, `updated_at`, `updated_by`) VALUES
(1, '622280.2439.001.001.001.A.521211', '622280.2439.001.001.001.A', NULL, NULL, NULL, 9000000, NULL, NULL, NULL, NULL, NULL, '2015-10-18 09:54:56', 1, '2015-10-18 09:54:56', 1);

-- --------------------------------------------------------

--
-- Table structure for table `satker`
--

CREATE TABLE IF NOT EXISTS `satker` (
  `id` int(11) NOT NULL AUTO_INCREMENT,
  `code` varchar(256) NOT NULL,
  `name` varchar(256) NOT NULL,
  `created_at` datetime DEFAULT NULL,
  `created_by` int(11) DEFAULT NULL,
  `updated_at` datetime DEFAULT NULL,
  `updated_by` int(11) DEFAULT NULL,
  PRIMARY KEY (`id`),
  UNIQUE KEY `id` (`id`),
  KEY `FK_output_create` (`created_by`),
  KEY `FK_output` (`updated_by`)
) ENGINE=InnoDB  DEFAULT CHARSET=latin1 AUTO_INCREMENT=2 ;

--
-- Dumping data for table `satker`
--

INSERT INTO `satker` (`id`, `code`, `name`, `created_at`, `created_by`, `updated_at`, `updated_by`) VALUES
(1, '622280', 'PUSAT PEMBINAAN KOMPETENSI DAN PELATIHAN KONSTRUKSI', '2015-10-18 09:44:35', 1, '2015-10-18 09:44:35', 1);

-- --------------------------------------------------------

--
-- Table structure for table `spm_type`
--

CREATE TABLE IF NOT EXISTS `spm_type` (
  `id` int(11) NOT NULL AUTO_INCREMENT,
  `code` varchar(256) NOT NULL,
  `name` varchar(256) NOT NULL,
  `created_at` datetime DEFAULT NULL,
  `created_by` int(11) DEFAULT NULL,
  `updated_at` datetime DEFAULT NULL,
  `updated_by` int(11) DEFAULT NULL,
  PRIMARY KEY (`id`),
  UNIQUE KEY `id` (`id`),
  KEY `FK_spm_type_created` (`created_by`),
  KEY `FK_spm_type_updated` (`updated_by`)
) ENGINE=InnoDB DEFAULT CHARSET=latin1 AUTO_INCREMENT=1 ;

-- --------------------------------------------------------

--
-- Table structure for table `subcomponent`
--

CREATE TABLE IF NOT EXISTS `subcomponent` (
  `id` int(11) NOT NULL AUTO_INCREMENT,
  `code` varchar(256) NOT NULL,
  `satker_code` varchar(256) DEFAULT NULL,
  `activity_code` varchar(256) DEFAULT NULL,
  `output_code` varchar(256) DEFAULT NULL,
  `suboutput_code` varchar(256) DEFAULT NULL,
  `component_code` varchar(256) NOT NULL,
  `name` varchar(256) NOT NULL,
  `created_at` datetime DEFAULT NULL,
  `created_by` int(11) DEFAULT NULL,
  `updated_at` datetime DEFAULT NULL,
  `updated_by` int(11) DEFAULT NULL,
  PRIMARY KEY (`id`),
  UNIQUE KEY `id` (`id`),
  KEY `FK_output_create` (`created_by`),
  KEY `FK_output` (`updated_by`),
  KEY `FK_output_activity` (`component_code`)
) ENGINE=InnoDB  DEFAULT CHARSET=latin1 AUTO_INCREMENT=49 ;

--
-- Dumping data for table `subcomponent`
--

INSERT INTO `subcomponent` (`id`, `code`, `satker_code`, `activity_code`, `output_code`, `suboutput_code`, `component_code`, `name`, `created_at`, `created_by`, `updated_at`, `updated_by`) VALUES
(1, '622280.2439.001.001.001.A', '622280', '622280.2439', '622280.2439.001', '622280.2439.001.001', '622280.2439.001.001.001', 'Subkomponen 1', '2015-10-18 09:46:20', 1, '2015-10-18 09:46:20', 1),
(2, '622280.2439.001.001.001.B', '622280', '622280.2439', '622280.2439.001', '622280.2439.001.001', '622280.2439.001.001.001', 'Subkomponen 2', '2015-10-18 09:46:20', 1, '2015-10-18 09:46:20', 1),
(3, '622280.2439.001.001.002.A', '622280', '622280.2439', '622280.2439.001', '622280.2439.001.001', '622280.2439.001.001.002', 'Subkomponen 3', '2015-10-18 09:46:21', 1, '2015-10-18 09:46:21', 1),
(4, '622280.2439.001.001.002.B', '622280', '622280.2439', '622280.2439.001', '622280.2439.001.001', '622280.2439.001.001.002', 'Subkomponen 4', '2015-10-18 09:46:21', 1, '2015-10-18 09:46:21', 1),
(5, '622280.2439.001.002.001.A', '622280', '622280.2439', '622280.2439.001', '622280.2439.001.002', '622280.2439.001.002.001', 'Subkomponen 5', '2015-10-18 09:46:21', 1, '2015-10-18 09:46:21', 1),
(6, '622280.2439.001.002.001.B', '622280', '622280.2439', '622280.2439.001', '622280.2439.001.002', '622280.2439.001.002.001', 'Subkomponen 6', '2015-10-18 09:46:21', 1, '2015-10-18 09:46:21', 1),
(7, '622280.2439.001.002.002.A', '622280', '622280.2439', '622280.2439.001', '622280.2439.001.002', '622280.2439.001.002.002', 'Subkomponen 7', '2015-10-18 09:46:21', 1, '2015-10-18 09:46:21', 1),
(8, '622280.2439.001.002.002.B', '622280', '622280.2439', '622280.2439.001', '622280.2439.001.002', '622280.2439.001.002.002', 'Subkomponen 8', '2015-10-18 09:46:21', 1, '2015-10-18 09:46:21', 1),
(9, '622280.2439.002.001.001.A', '622280', '622280.2439', '622280.2439.002', '622280.2439.002.001', '622280.2439.002.001.001', 'Subkomponen 9', '2015-10-18 09:46:21', 1, '2015-10-18 09:46:21', 1),
(10, '622280.2439.002.001.001.B', '622280', '622280.2439', '622280.2439.002', '622280.2439.002.001', '622280.2439.002.001.001', 'Subkomponen 10', '2015-10-18 09:46:21', 1, '2015-10-18 09:46:21', 1),
(11, '622280.2439.002.001.002.A', '622280', '622280.2439', '622280.2439.002', '622280.2439.002.001', '622280.2439.002.001.002', 'Subkomponen 11', '2015-10-18 09:46:21', 1, '2015-10-18 09:46:21', 1),
(12, '622280.2439.002.001.002.B', '622280', '622280.2439', '622280.2439.002', '622280.2439.002.001', '622280.2439.002.001.002', 'Subkomponen 12', '2015-10-18 09:46:21', 1, '2015-10-18 09:46:21', 1),
(13, '622280.2439.002.002.001.A', '622280', '622280.2439', '622280.2439.002', '622280.2439.002.002', '622280.2439.002.002.001', 'Subkomponen 13', '2015-10-18 09:46:21', 1, '2015-10-18 09:46:21', 1),
(14, '622280.2439.002.002.001.B', '622280', '622280.2439', '622280.2439.002', '622280.2439.002.002', '622280.2439.002.002.001', 'Subkomponen 14', '2015-10-18 09:46:21', 1, '2015-10-18 09:46:21', 1),
(15, '622280.2439.002.002.002.A', '622280', '622280.2439', '622280.2439.002', '622280.2439.002.002', '622280.2439.002.002.002', 'Subkomponen 15', '2015-10-18 09:46:21', 1, '2015-10-18 09:46:21', 1),
(16, '622280.2439.002.002.002.B', '622280', '622280.2439', '622280.2439.002', '622280.2439.002.002', '622280.2439.002.002.002', 'Subkomponen 16', '2015-10-18 09:46:21', 1, '2015-10-18 09:46:21', 1),
(17, '622280.2439.003.001.001.A', '622280', '622280.2439', '622280.2439.003', '622280.2439.003.001', '622280.2439.003.001.001', 'Subkomponen 17', '2015-10-18 09:46:21', 1, '2015-10-18 09:46:21', 1),
(18, '622280.2439.003.001.001.B', '622280', '622280.2439', '622280.2439.003', '622280.2439.003.001', '622280.2439.003.001.001', 'Subkomponen 18', '2015-10-18 09:46:21', 1, '2015-10-18 09:46:21', 1),
(19, '622280.2439.003.001.002.A', '622280', '622280.2439', '622280.2439.003', '622280.2439.003.001', '622280.2439.003.001.002', 'Subkomponen 19', '2015-10-18 09:46:21', 1, '2015-10-18 09:46:21', 1),
(20, '622280.2439.003.001.002.B', '622280', '622280.2439', '622280.2439.003', '622280.2439.003.001', '622280.2439.003.001.002', 'Subkomponen 20', '2015-10-18 09:46:21', 1, '2015-10-18 09:46:21', 1),
(21, '622280.2439.003.002.001.A', '622280', '622280.2439', '622280.2439.003', '622280.2439.003.002', '622280.2439.003.002.001', 'Subkomponen 21', '2015-10-18 09:46:21', 1, '2015-10-18 09:46:21', 1),
(22, '622280.2439.003.002.001.B', '622280', '622280.2439', '622280.2439.003', '622280.2439.003.002', '622280.2439.003.002.001', 'Subkomponen 22', '2015-10-18 09:46:21', 1, '2015-10-18 09:46:21', 1),
(23, '622280.2439.003.002.002.A', '622280', '622280.2439', '622280.2439.003', '622280.2439.003.002', '622280.2439.003.002.002', 'Subkomponen 23', '2015-10-18 09:46:21', 1, '2015-10-18 09:46:21', 1),
(24, '622280.2439.003.002.002.B', '622280', '622280.2439', '622280.2439.003', '622280.2439.003.002', '622280.2439.003.002.002', 'Subkomponen 24', '2015-10-18 09:46:21', 1, '2015-10-18 09:46:21', 1),
(25, '622280.2439.004.001.001.A', '622280', '622280.2439', '622280.2439.004', '622280.2439.004.001', '622280.2439.004.001.001', 'Subkomponen 25', '2015-10-18 09:46:22', 1, '2015-10-18 09:46:22', 1),
(26, '622280.2439.004.001.001.B', '622280', '622280.2439', '622280.2439.004', '622280.2439.004.001', '622280.2439.004.001.001', 'Subkomponen 26', '2015-10-18 09:46:22', 1, '2015-10-18 09:46:22', 1),
(27, '622280.2439.004.001.002.A', '622280', '622280.2439', '622280.2439.004', '622280.2439.004.001', '622280.2439.004.001.002', 'Subkomponen 27', '2015-10-18 09:46:22', 1, '2015-10-18 09:46:22', 1),
(28, '622280.2439.004.001.002.B', '622280', '622280.2439', '622280.2439.004', '622280.2439.004.001', '622280.2439.004.001.002', 'Subkomponen 28', '2015-10-18 09:46:22', 1, '2015-10-18 09:46:22', 1),
(29, '622280.2439.004.002.001.A', '622280', '622280.2439', '622280.2439.004', '622280.2439.004.002', '622280.2439.004.002.001', 'Subkomponen 29', '2015-10-18 09:46:22', 1, '2015-10-18 09:46:22', 1),
(30, '622280.2439.004.002.001.B', '622280', '622280.2439', '622280.2439.004', '622280.2439.004.002', '622280.2439.004.002.001', 'Subkomponen 30', '2015-10-18 09:46:22', 1, '2015-10-18 09:46:22', 1),
(31, '622280.2439.004.002.002.A', '622280', '622280.2439', '622280.2439.004', '622280.2439.004.002', '622280.2439.004.002.002', 'Subkomponen 31', '2015-10-18 09:46:22', 1, '2015-10-18 09:46:22', 1),
(32, '622280.2439.004.002.002.B', '622280', '622280.2439', '622280.2439.004', '622280.2439.004.002', '622280.2439.004.002.002', 'Subkomponen 32', '2015-10-18 09:46:22', 1, '2015-10-18 09:46:22', 1),
(33, '622280.2439.005.001.001.A', '622280', '622280.2439', '622280.2439.005', '622280.2439.005.001', '622280.2439.005.001.001', 'Subkomponen 33', '2015-10-18 09:46:22', 1, '2015-10-18 09:46:22', 1),
(34, '622280.2439.005.001.001.B', '622280', '622280.2439', '622280.2439.005', '622280.2439.005.001', '622280.2439.005.001.001', 'Subkomponen 34', '2015-10-18 09:46:22', 1, '2015-10-18 09:46:22', 1),
(35, '622280.2439.005.001.002.A', '622280', '622280.2439', '622280.2439.005', '622280.2439.005.001', '622280.2439.005.001.002', 'Subkomponen 35', '2015-10-18 09:46:22', 1, '2015-10-18 09:46:22', 1),
(36, '622280.2439.005.001.002.B', '622280', '622280.2439', '622280.2439.005', '622280.2439.005.001', '622280.2439.005.001.002', 'Subkomponen 36', '2015-10-18 09:46:22', 1, '2015-10-18 09:46:22', 1),
(37, '622280.2439.005.002.001.A', '622280', '622280.2439', '622280.2439.005', '622280.2439.005.002', '622280.2439.005.002.001', 'Subkomponen 37', '2015-10-18 09:46:22', 1, '2015-10-18 09:46:22', 1),
(38, '622280.2439.005.002.001.B', '622280', '622280.2439', '622280.2439.005', '622280.2439.005.002', '622280.2439.005.002.001', 'Subkomponen 38', '2015-10-18 09:46:22', 1, '2015-10-18 09:46:22', 1),
(39, '622280.2439.005.002.002.A', '622280', '622280.2439', '622280.2439.005', '622280.2439.005.002', '622280.2439.005.002.002', 'Subkomponen 39', '2015-10-18 09:46:22', 1, '2015-10-18 09:46:22', 1),
(40, '622280.2439.005.002.002.B', '622280', '622280.2439', '622280.2439.005', '622280.2439.005.002', '622280.2439.005.002.002', 'Subkomponen 40', '2015-10-18 09:46:22', 1, '2015-10-18 09:46:22', 1),
(41, '622280.2439.006.001.001.A', '622280', '622280.2439', '622280.2439.006', '622280.2439.006.001', '622280.2439.006.001.001', 'Subkomponen 41', '2015-10-18 09:46:23', 1, '2015-10-18 09:46:23', 1),
(42, '622280.2439.006.001.001.B', '622280', '622280.2439', '622280.2439.006', '622280.2439.006.001', '622280.2439.006.001.001', 'Subkomponen 42', '2015-10-18 09:46:23', 1, '2015-10-18 09:46:23', 1),
(43, '622280.2439.006.001.002.A', '622280', '622280.2439', '622280.2439.006', '622280.2439.006.001', '622280.2439.006.001.002', 'Subkomponen 43', '2015-10-18 09:46:23', 1, '2015-10-18 09:46:23', 1),
(44, '622280.2439.006.001.002.B', '622280', '622280.2439', '622280.2439.006', '622280.2439.006.001', '622280.2439.006.001.002', 'Subkomponen 44', '2015-10-18 09:46:23', 1, '2015-10-18 09:46:23', 1),
(45, '622280.2439.006.002.001.A', '622280', '622280.2439', '622280.2439.006', '622280.2439.006.002', '622280.2439.006.002.001', 'Subkomponen 45', '2015-10-18 09:46:23', 1, '2015-10-18 09:46:23', 1),
(46, '622280.2439.006.002.001.B', '622280', '622280.2439', '622280.2439.006', '622280.2439.006.002', '622280.2439.006.002.001', 'Subkomponen 46', '2015-10-18 09:46:23', 1, '2015-10-18 09:46:23', 1),
(47, '622280.2439.006.002.002.A', '622280', '622280.2439', '622280.2439.006', '622280.2439.006.002', '622280.2439.006.002.002', 'Subkomponen 47', '2015-10-18 09:46:23', 1, '2015-10-18 09:46:23', 1),
(48, '622280.2439.006.002.002.B', '622280', '622280.2439', '622280.2439.006', '622280.2439.006.002', '622280.2439.006.002.002', 'Subkomponen 48', '2015-10-18 09:46:23', 1, '2015-10-18 09:46:23', 1);

-- --------------------------------------------------------

--
-- Table structure for table `subcomponent_error`
--

CREATE TABLE IF NOT EXISTS `subcomponent_error` (
  `id` int(11) NOT NULL AUTO_INCREMENT,
  `code` varchar(256) NOT NULL,
  `satker_code` varchar(256) DEFAULT NULL,
  `activity_code` varchar(256) DEFAULT NULL,
  `output_code` varchar(256) DEFAULT NULL,
  `suboutput_code` varchar(256) DEFAULT NULL,
  `component_code` varchar(256) DEFAULT NULL,
  `name` varchar(256) DEFAULT NULL,
  `created_at` datetime DEFAULT NULL,
  `created_by` int(11) DEFAULT NULL,
  `updated_at` datetime DEFAULT NULL,
  `updated_by` int(11) DEFAULT NULL,
  PRIMARY KEY (`id`),
  UNIQUE KEY `id` (`id`),
  KEY `FK_output_create` (`created_by`),
  KEY `FK_output` (`updated_by`),
  KEY `FK_output_activity` (`component_code`)
) ENGINE=InnoDB DEFAULT CHARSET=latin1 AUTO_INCREMENT=1 ;

-- --------------------------------------------------------

--
-- Table structure for table `suboutput`
--

CREATE TABLE IF NOT EXISTS `suboutput` (
  `id` int(11) NOT NULL AUTO_INCREMENT,
  `code` varchar(256) NOT NULL,
  `satker_code` varchar(256) DEFAULT NULL,
  `activity_code` varchar(256) DEFAULT NULL,
  `output_code` varchar(256) NOT NULL,
  `name` varchar(256) NOT NULL,
  `created_at` datetime DEFAULT NULL,
  `created_by` int(11) DEFAULT NULL,
  `updated_at` datetime DEFAULT NULL,
  `updated_by` int(11) DEFAULT NULL,
  PRIMARY KEY (`id`),
  UNIQUE KEY `id` (`id`),
  KEY `FK_output_create` (`created_by`),
  KEY `FK_output` (`updated_by`),
  KEY `FK_output_activity` (`output_code`)
) ENGINE=InnoDB  DEFAULT CHARSET=latin1 AUTO_INCREMENT=13 ;

--
-- Dumping data for table `suboutput`
--

INSERT INTO `suboutput` (`id`, `code`, `satker_code`, `activity_code`, `output_code`, `name`, `created_at`, `created_by`, `updated_at`, `updated_by`) VALUES
(1, '622280.2439.001.001', '622280', '622280.2439', '622280.2439.001', 'Suboutput 1', '2015-10-18 09:45:21', 1, '2015-10-18 09:45:21', 1),
(2, '622280.2439.001.002', '622280', '622280.2439', '622280.2439.001', 'Suboutput 2', '2015-10-18 09:45:21', 1, '2015-10-18 09:45:21', 1),
(3, '622280.2439.002.001', '622280', '622280.2439', '622280.2439.002', 'Suboutput 3', '2015-10-18 09:45:21', 1, '2015-10-18 09:45:21', 1),
(4, '622280.2439.002.002', '622280', '622280.2439', '622280.2439.002', 'Suboutput 4', '2015-10-18 09:45:21', 1, '2015-10-18 09:45:21', 1),
(5, '622280.2439.003.001', '622280', '622280.2439', '622280.2439.003', 'Suboutput 5', '2015-10-18 09:45:21', 1, '2015-10-18 09:45:21', 1),
(6, '622280.2439.003.002', '622280', '622280.2439', '622280.2439.003', 'Suboutput 6', '2015-10-18 09:45:21', 1, '2015-10-18 09:45:21', 1),
(7, '622280.2439.004.001', '622280', '622280.2439', '622280.2439.004', 'Suboutput 7', '2015-10-18 09:45:21', 1, '2015-10-18 09:45:21', 1),
(8, '622280.2439.004.002', '622280', '622280.2439', '622280.2439.004', 'Suboutput 8', '2015-10-18 09:45:21', 1, '2015-10-18 09:45:21', 1),
(9, '622280.2439.005.001', '622280', '622280.2439', '622280.2439.005', 'Suboutput 9', '2015-10-18 09:45:21', 1, '2015-10-18 09:45:21', 1),
(10, '622280.2439.005.002', '622280', '622280.2439', '622280.2439.005', 'Suboutput 10', '2015-10-18 09:45:21', 1, '2015-10-18 09:45:21', 1),
(11, '622280.2439.006.001', '622280', '622280.2439', '622280.2439.006', 'Suboutput 11', '2015-10-18 09:45:21', 1, '2015-10-18 09:45:21', 1),
(12, '622280.2439.006.002', '622280', '622280.2439', '622280.2439.006', 'Suboutput 12', '2015-10-18 09:45:21', 1, '2015-10-18 09:45:21', 1);

-- --------------------------------------------------------

--
-- Table structure for table `suboutput_error`
--

CREATE TABLE IF NOT EXISTS `suboutput_error` (
  `id` int(11) NOT NULL AUTO_INCREMENT,
  `code` varchar(256) NOT NULL,
  `satker_code` varchar(256) DEFAULT NULL,
  `activity_code` varchar(256) DEFAULT NULL,
  `output_code` varchar(256) NOT NULL,
  `name` varchar(256) NOT NULL,
  `created_at` datetime DEFAULT NULL,
  `created_by` int(11) DEFAULT NULL,
  `updated_at` datetime DEFAULT NULL,
  `updated_by` int(11) DEFAULT NULL,
  PRIMARY KEY (`id`),
  UNIQUE KEY `id` (`id`),
  KEY `FK_output_create` (`created_by`),
  KEY `FK_output` (`updated_by`),
  KEY `FK_output_activity` (`output_code`)
) ENGINE=InnoDB DEFAULT CHARSET=latin1 AUTO_INCREMENT=1 ;

-- --------------------------------------------------------

--
-- Table structure for table `up`
--

CREATE TABLE IF NOT EXISTS `up` (
  `id` int(11) NOT NULL AUTO_INCREMENT,
  `number_of_letter` varchar(256) NOT NULL,
  `date_of_letter` date NOT NULL,
  `total_up` double DEFAULT NULL,
  `created_at` datetime DEFAULT NULL,
  `created_by` int(11) DEFAULT NULL,
  `updated_at` datetime DEFAULT NULL,
  `updated_by` int(11) DEFAULT NULL,
  PRIMARY KEY (`id`),
  KEY `FK_up_created` (`created_by`),
  KEY `FK_up_updated` (`updated_by`)
) ENGINE=InnoDB DEFAULT CHARSET=latin1 AUTO_INCREMENT=1 ;

-- --------------------------------------------------------

--
-- Table structure for table `up_detail`
--

CREATE TABLE IF NOT EXISTS `up_detail` (
  `id` int(11) NOT NULL AUTO_INCREMENT,
  `up_number_of_letter` varchar(256) DEFAULT NULL,
  `package_code` varchar(256) DEFAULT NULL,
  `limit` double DEFAULT NULL,
  `created_at` datetime DEFAULT NULL,
  `created_by` int(11) DEFAULT NULL,
  `updated_at` datetime DEFAULT NULL,
  `updated_by` int(11) DEFAULT NULL,
  PRIMARY KEY (`id`),
  KEY `FK_up_detail_created` (`created_by`),
  KEY `FK_up_detail_updated` (`updated_by`)
) ENGINE=InnoDB DEFAULT CHARSET=latin1 AUTO_INCREMENT=1 ;

-- --------------------------------------------------------

--
-- Table structure for table `user`
--

CREATE TABLE IF NOT EXISTS `user` (
  `id` int(11) NOT NULL AUTO_INCREMENT,
  `username` varchar(128) NOT NULL,
  `password` varchar(256) NOT NULL,
  `last_login_time` datetime DEFAULT NULL,
  `group_id` int(11) DEFAULT NULL,
  PRIMARY KEY (`id`),
  KEY `FK_user_group` (`group_id`)
) ENGINE=InnoDB  DEFAULT CHARSET=latin1 AUTO_INCREMENT=6 ;

--
-- Dumping data for table `user`
--

INSERT INTO `user` (`id`, `username`, `password`, `last_login_time`, `group_id`) VALUES
(1, 'Admin', '21232f297a57a5a743894a0e4a801fc3', NULL, 1),
(3, 'Pablo', '21232f297a57a5a743894a0e4a801fc3', NULL, 2),
(4, 'Operator', '21232f297a57a5a743894a0e4a801fc3', NULL, 4),
(5, 'Ppk', '21232f297a57a5a743894a0e4a801fc3', NULL, 3);

--
-- Constraints for dumped tables
--

--
-- Constraints for table `group_auth`
--
ALTER TABLE `group_auth`
  ADD CONSTRAINT `group_auth_ibfk_1` FOREIGN KEY (`group_id`) REFERENCES `group` (`id`) ON DELETE CASCADE;

--
-- Constraints for table `user`
--
ALTER TABLE `user`
  ADD CONSTRAINT `user_ibfk_1` FOREIGN KEY (`group_id`) REFERENCES `group` (`id`) ON DELETE CASCADE;

/*!40101 SET CHARACTER_SET_CLIENT=@OLD_CHARACTER_SET_CLIENT */;
/*!40101 SET CHARACTER_SET_RESULTS=@OLD_CHARACTER_SET_RESULTS */;
/*!40101 SET COLLATION_CONNECTION=@OLD_COLLATION_CONNECTION */;
